,district_id,cpr,cpr_num,inside_elections,inside_elections_num,crystal_ball,crystal_ball_num,avg
1,AK01,Lean Republican,5,Likely Republican,6,Lean Republican,5,5.333333333
2,AL01,Solid Republican,7,Solid Republican,7,Safe Republican,7,7
3,AL02,Solid Republican,7,Solid Republican,7,Safe Republican,7,7
4,AL03,Solid Republican,7,Solid Republican,7,Safe Republican,7,7
5,AL04,Solid Republican,7,Solid Republican,7,Safe Republican,7,7
6,AL05,Solid Republican,7,Solid Republican,7,Safe Republican,7,7
7,AL06,Solid Republican,7,Solid Republican,7,Safe Republican,7,7
8,AL07,Solid Democratic,1,Solid Democratic,1,Safe Democratic,1,1
9,AR01,Solid Republican,7,Solid Republican,7,Safe Republican,7,7
10,AR02,Likely Republican,6,Likely Republican,6,Lean Republican,5,5.666666667
11,AR03,Solid Republican,7,Solid Republican,7,Safe Republican,7,7
12,AR04,Solid Republican,7,Solid Republican,7,Safe Republican,7,7
13,AZ01,Lean Democratic,3,Lean Democratic,3,Likely Democratic,2,2.666666667
14,AZ02,Lean Democratic,3,Lean Democratic,3,Likely Democratic,2,2.666666667
15,AZ03,Solid Democratic,1,Solid Democratic,1,Safe Democratic,1,1
16,AZ04,Solid Republican,7,Solid Republican,7,Safe Republican,7,7
17,AZ05,Solid Republican,7,Solid Republican,7,Safe Republican,7,7
18,AZ06,Likely Republican,6,Solid Republican,7,Likely Republican,6,6.333333333
19,AZ07,Solid Democratic,1,Solid Democratic,1,Safe Democratic,1,1
20,AZ08,Likely Republican,6,Likely Republican,6,Likely Republican,6,6
21,AZ09,Solid Democratic,1,Solid Democratic,1,Safe Democratic,1,1
22,CA01,Likely Republican,6,Solid Republican,7,Safe Republican,7,6.666666667
23,CA02,Solid Democratic,1,Solid Democratic,1,Safe Democratic,1,1
24,CA03,Solid Democratic,1,Solid Democratic,1,Safe Democratic,1,1
25,CA04,Likely Republican,6,Likely Republican,6,Likely Republican,6,6
26,CA05,Solid Democratic,1,Solid Democratic,1,Safe Democratic,1,1
27,CA06,Solid Democratic,1,Solid Democratic,1,Safe Democratic,1,1
28,CA07,Likely Democratic,2,Solid Democratic,1,Likely Democratic,2,1.666666667
29,CA08,Solid Republican,7,Solid Republican,7,Safe Republican,7,7
30,CA09,Solid Democratic,1,Solid Democratic,1,Safe Democratic,1,1
31,CA10,Tossup,4,Tossup,4,Lean Democratic,3,3.666666667
32,CA11,Solid Democratic,1,Solid Democratic,1,Safe Democratic,1,1
33,CA12,Solid Democratic,1,Solid Democratic,1,Safe Democratic,1,1
34,CA13,Solid Democratic,1,Solid Democratic,1,Safe Democratic,1,1
35,CA14,Solid Democratic,1,Solid Democratic,1,Safe Democratic,1,1
36,CA15,Solid Democratic,1,Solid Democratic,1,Safe Democratic,1,1
37,CA16,Likely Democratic,2,Solid Democratic,1,Likely Democratic,2,1.666666667
38,CA17,Solid Democratic,1,Solid Democratic,1,Safe Democratic,1,1
39,CA18,Solid Democratic,1,Solid Democratic,1,Safe Democratic,1,1
40,CA19,Solid Democratic,1,Solid Democratic,1,Safe Democratic,1,1
41,CA20,Solid Democratic,1,Solid Democratic,1,Safe Democratic,1,1
42,CA21,Likely Republican,6,Likely Republican,6,Lean Republican,5,5.666666667
43,CA22,Likely Republican,6,Solid Republican,7,Likely Republican,6,6.333333333
44,CA23,Solid Republican,7,Solid Republican,7,Safe Republican,7,7
45,CA24,Solid Democratic,1,Solid Democratic,1,Likely Democratic,2,1.333333333
46,CA25,Tossup,4,Tossup,4,Lean Republican,5,4.333333333
47,CA26,Solid Democratic,1,Solid Democratic,1,Safe Democratic,1,1
48,CA27,Solid Democratic,1,Solid Democratic,1,Safe Democratic,1,1
49,CA28,Solid Democratic,1,Solid Democratic,1,Safe Democratic,1,1
50,CA29,Solid Democratic,1,Solid Democratic,1,Safe Democratic,1,1
51,CA30,Solid Democratic,1,Solid Democratic,1,Safe Democratic,1,1
52,CA31,Solid Democratic,1,Solid Democratic,1,Safe Democratic,1,1
53,CA32,Solid Democratic,1,Solid Democratic,1,Safe Democratic,1,1
54,CA33,Solid Democratic,1,Solid Democratic,1,Safe Democratic,1,1
55,CA34,Solid Democratic,1,Solid Democratic,1,Safe Democratic,1,1
56,CA35,Solid Democratic,1,Solid Democratic,1,Safe Democratic,1,1
57,CA36,Solid Democratic,1,Solid Democratic,1,Safe Democratic,1,1
58,CA37,Solid Democratic,1,Solid Democratic,1,Safe Democratic,1,1
59,CA38,Solid Democratic,1,Solid Democratic,1,Safe Democratic,1,1
60,CA39,Tossup,4,Tossup,4,Lean Republican,5,4.333333333
61,CA40,Solid Democratic,1,Solid Democratic,1,Safe Democratic,1,1
62,CA41,Solid Democratic,1,Solid Democratic,1,Safe Democratic,1,1
63,CA42,Solid Republican,7,Solid Republican,7,Safe Republican,7,7
64,CA43,Solid Democratic,1,Solid Democratic,1,Safe Democratic,1,1
65,CA44,Solid Democratic,1,Solid Democratic,1,Safe Democratic,1,1
66,CA45,Tossup,4,Tossup,4,Lean Democratic,3,3.666666667
67,CA46,Solid Democratic,1,Solid Democratic,1,Safe Democratic,1,1
68,CA47,Solid Democratic,1,Solid Democratic,1,Safe Democratic,1,1
69,CA48,Tossup,4,Tilt Democratic,3.5,Lean Democratic,3,3.5
70,CA49,Lean Democratic,3,Lean Democratic,3,Likely Democratic,2,2.666666667
71,CA50,Lean Republican,5,Lean Republican,5,Lean Republican,5,5
72,CA51,Solid Democratic,1,Solid Democratic,1,Safe Democratic,1,1
73,CA52,Solid Democratic,1,Solid Democratic,1,Safe Democratic,1,1
74,CA53,Solid Democratic,1,Solid Democratic,1,Safe Democratic,1,1
75,CO01,Solid Democratic,1,Solid Democratic,1,Safe Democratic,1,1
76,CO02,Solid Democratic,1,Solid Democratic,1,Safe Democratic,1,1
77,CO03,Likely Republican,6,Solid Republican,7,Lean Republican,5,6
78,CO04,Solid Republican,7,Solid Republican,7,Safe Republican,7,7
79,CO05,Solid Republican,7,Solid Republican,7,Safe Republican,7,7
80,CO06,Lean Democratic,3,Tilt Democratic,3.5,Lean Democratic,3,3.166666667
81,CO07,Solid Democratic,1,Solid Democratic,1,Safe Democratic,1,1
82,CT01,Solid Democratic,1,Solid Democratic,1,Safe Democratic,1,1
83,CT02,Solid Democratic,1,Solid Democratic,1,Safe Democratic,1,1
84,CT03,Solid Democratic,1,Solid Democratic,1,Safe Democratic,1,1
85,CT04,Solid Democratic,1,Solid Democratic,1,Safe Democratic,1,1
86,CT05,Solid Democratic,1,Solid Democratic,1,Safe Democratic,1,1
87,DE01,Solid Democratic,1,Solid Democratic,1,Safe Democratic,1,1
88,FL01,Solid Republican,7,Solid Republican,7,Safe Republican,7,7
89,FL02,Solid Republican,7,Solid Republican,7,Safe Republican,7,7
90,FL03,Solid Republican,7,Solid Republican,7,Safe Republican,7,7
91,FL04,Solid Republican,7,Solid Republican,7,Safe Republican,7,7
92,FL05,Solid Democratic,1,Solid Democratic,1,Safe Democratic,1,1
93,FL06,Lean Republican,5,Lean Republican,5,Lean Republican,5,5
94,FL07,Likely Democratic,2,Solid Democratic,1,Likely Democratic,2,1.666666667
95,FL08,Solid Republican,7,Solid Republican,7,Safe Republican,7,7
96,FL09,Solid Democratic,1,Solid Democratic,1,Safe Democratic,1,1
97,FL10,Solid Democratic,1,Solid Democratic,1,Safe Democratic,1,1
98,FL11,Solid Republican,7,Solid Republican,7,Safe Republican,7,7
99,FL12,Solid Republican,7,Solid Republican,7,Safe Republican,7,7
100,FL13,Solid Democratic,1,Solid Democratic,1,Safe Democratic,1,1
101,FL14,Solid Democratic,1,Solid Democratic,1,Safe Democratic,1,1
102,FL15,Tossup,4,Tilt Republican,4.5,Lean Republican,5,4.5
103,FL16,Lean Republican,5,Likely Republican,6,Likely Republican,6,5.666666667
104,FL17,Solid Republican,7,Solid Republican,7,Safe Republican,7,7
105,FL18,Lean Republican,5,Likely Republican,6,Lean Republican,5,5.333333333
106,FL19,Solid Republican,7,Solid Republican,7,Safe Republican,7,7
107,FL20,Solid Democratic,1,Solid Democratic,1,Safe Democratic,1,1
108,FL21,Solid Democratic,1,Solid Democratic,1,Safe Democratic,1,1
109,FL22,Solid Democratic,1,Solid Democratic,1,Safe Democratic,1,1
110,FL23,Solid Democratic,1,Solid Democratic,1,Safe Democratic,1,1
111,FL24,Solid Democratic,1,Solid Democratic,1,Safe Democratic,1,1
112,FL25,Lean Republican,5,Solid Republican,7,Likely Republican,6,6
113,FL26,Tossup,4,Tossup,4,Lean Republican,5,4.333333333
114,FL27,Lean Democratic,3,Lean Democratic,3,Lean Democratic,3,3
115,GA01,Solid Republican,7,Solid Republican,7,Safe Republican,7,7
116,GA02,Solid Democratic,1,Solid Democratic,1,Safe Democratic,1,1
117,GA03,Solid Republican,7,Solid Republican,7,Safe Republican,7,7
118,GA04,Solid Democratic,1,Solid Democratic,1,Safe Democratic,1,1
119,GA05,Solid Democratic,1,Solid Democratic,1,Safe Democratic,1,1
120,GA06,Tossup,4,Lean Republican,5,Lean Republican,5,4.666666667
121,GA07,Lean Republican,5,Lean Republican,5,Lean Republican,5,5
122,GA08,Solid Republican,7,Solid Republican,7,Safe Republican,7,7
123,GA09,Solid Republican,7,Solid Republican,7,Safe Republican,7,7
124,GA10,Solid Republican,7,Solid Republican,7,Safe Republican,7,7
125,GA11,Solid Republican,7,Solid Republican,7,Safe Republican,7,7
126,GA12,Solid Republican,7,Solid Republican,7,Safe Republican,7,7
127,GA13,Solid Democratic,1,Solid Democratic,1,Safe Democratic,1,1
128,GA14,Solid Republican,7,Solid Republican,7,Safe Republican,7,7
129,HI01,Solid Democratic,1,Solid Democratic,1,Safe Democratic,1,1
130,HI02,Solid Democratic,1,Solid Democratic,1,Safe Democratic,1,1
131,IA01,Lean Democratic,3,Lean Democratic,3,Lean Democratic,3,3
132,IA02,Solid Democratic,1,Solid Democratic,1,Safe Democratic,1,1
133,IA03,Tossup,4,Tossup,4,Lean Democratic,3,3.666666667
134,IA04,Lean Republican,5,Likely Republican,6,Lean Republican,5,5.333333333
135,ID01,Solid Republican,7,Solid Republican,7,Safe Republican,7,7
136,ID02,Solid Republican,7,Solid Republican,7,Safe Republican,7,7
137,IL01,Solid Democratic,1,Solid Democratic,1,Safe Democratic,1,1
138,IL02,Solid Democratic,1,Solid Democratic,1,Safe Democratic,1,1
139,IL03,Solid Democratic,1,Solid Democratic,1,Safe Democratic,1,1
140,IL04,Solid Democratic,1,Solid Democratic,1,Safe Democratic,1,1
141,IL05,Solid Democratic,1,Solid Democratic,1,Safe Democratic,1,1
142,IL06,Lean Democratic,3,Tilt Democratic,3.5,Lean Democratic,3,3.166666667
143,IL07,Solid Democratic,1,Solid Democratic,1,Safe Democratic,1,1
144,IL08,Solid Democratic,1,Solid Democratic,1,Safe Democratic,1,1
145,IL09,Solid Democratic,1,Solid Democratic,1,Safe Democratic,1,1
146,IL10,Solid Democratic,1,Solid Democratic,1,Safe Democratic,1,1
147,IL11,Solid Democratic,1,Solid Democratic,1,Safe Democratic,1,1
148,IL12,Lean Republican,5,Tilt Republican,4.5,Lean Republican,5,4.833333333
149,IL13,Lean Republican,5,Lean Republican,5,Lean Republican,5,5
150,IL14,Tossup,4,Tossup,4,Lean Democratic,3,3.666666667
151,IL15,Solid Republican,7,Solid Republican,7,Safe Republican,7,7
152,IL16,Solid Republican,7,Solid Republican,7,Safe Republican,7,7
153,IL17,Solid Democratic,1,Solid Democratic,1,Safe Democratic,1,1
154,IL18,Solid Republican,7,Solid Republican,7,Safe Republican,7,7
155,IN01,Solid Democratic,1,Solid Democratic,1,Safe Democratic,1,1
156,IN02,Likely Republican,6,Likely Republican,6,Likely Republican,6,6
157,IN03,Solid Republican,7,Solid Republican,7,Safe Republican,7,7
158,IN04,Solid Republican,7,Solid Republican,7,Safe Republican,7,7
159,IN05,Solid Republican,7,Solid Republican,7,Safe Republican,7,7
160,IN06,Solid Republican,7,Solid Republican,7,Safe Republican,7,7
161,IN07,Solid Democratic,1,Solid Democratic,1,Safe Democratic,1,1
162,IN08,Solid Republican,7,Solid Republican,7,Safe Republican,7,7
163,IN09,Solid Republican,7,Solid Republican,7,Likely Republican,6,6.666666667
164,KS01,Solid Republican,7,Solid Republican,7,Safe Republican,7,7
165,KS02,Tossup,4,Tossup,4,Lean Democratic,3,3.666666667
166,KS03,Lean Democratic,3,Lean Democratic,3,Lean Democratic,3,3
167,KS04,Solid Republican,7,Solid Republican,7,Safe Republican,7,7
168,KY01,Solid Republican,7,Solid Republican,7,Safe Republican,7,7
169,KY02,Solid Republican,7,Solid Republican,7,Safe Republican,7,7
170,KY03,Solid Democratic,1,Solid Democratic,1,Safe Democratic,1,1
171,KY04,Solid Republican,7,Solid Republican,7,Safe Republican,7,7
172,KY05,Solid Republican,7,Solid Republican,7,Safe Republican,7,7
173,KY06,Tossup,4,Tossup,4,Lean Republican,5,4.333333333
174,LA01,Solid Republican,7,Solid Republican,7,Safe Republican,7,7
175,LA02,Solid Democratic,1,Solid Democratic,1,Safe Democratic,1,1
176,LA03,Solid Republican,7,Solid Republican,7,Safe Republican,7,7
177,LA04,Solid Republican,7,Solid Republican,7,Safe Republican,7,7
178,LA05,Solid Republican,7,Solid Republican,7,Safe Republican,7,7
179,LA06,Solid Republican,7,Solid Republican,7,Safe Republican,7,7
180,MA01,Solid Democratic,1,Solid Democratic,1,Safe Democratic,1,1
181,MA02,Solid Democratic,1,Solid Democratic,1,Safe Democratic,1,1
182,MA03,Solid Democratic,1,Solid Democratic,1,Safe Democratic,1,1
183,MA04,Solid Democratic,1,Solid Democratic,1,Safe Democratic,1,1
184,MA05,Solid Democratic,1,Solid Democratic,1,Safe Democratic,1,1
185,MA06,Solid Democratic,1,Solid Democratic,1,Safe Democratic,1,1
186,MA07,Solid Democratic,1,Solid Democratic,1,Safe Democratic,1,1
187,MA08,Solid Democratic,1,Solid Democratic,1,Safe Democratic,1,1
188,MA09,Solid Democratic,1,Solid Democratic,1,Safe Democratic,1,1
189,MD01,Solid Republican,7,Solid Republican,7,Safe Republican,7,7
190,MD02,Solid Democratic,1,Solid Democratic,1,Safe Democratic,1,1
191,MD03,Solid Democratic,1,Solid Democratic,1,Safe Democratic,1,1
192,MD04,Solid Democratic,1,Solid Democratic,1,Safe Democratic,1,1
193,MD05,Solid Democratic,1,Solid Democratic,1,Safe Democratic,1,1
194,MD06,Solid Democratic,1,Solid Democratic,1,Safe Democratic,1,1
195,MD07,Solid Democratic,1,Solid Democratic,1,Safe Democratic,1,1
196,MD08,Solid Democratic,1,Solid Democratic,1,Safe Democratic,1,1
197,ME01,Solid Democratic,1,Solid Democratic,1,Safe Democratic,1,1
198,ME02,Tossup,4,Tossup,4,Lean Democratic,3,3.666666667
199,MI01,Likely Republican,6,Solid Republican,7,Likely Republican,6,6.333333333
200,MI02,Solid Republican,7,Solid Republican,7,Likely Republican,6,6.666666667
201,MI03,Likely Republican,6,Solid Republican,7,Likely Republican,6,6.333333333
202,MI04,Solid Republican,7,Solid Republican,7,Safe Republican,7,7
203,MI05,Solid Democratic,1,Solid Democratic,1,Safe Democratic,1,1
204,MI06,Lean Republican,5,Likely Republican,6,Lean Republican,5,5.333333333
205,MI07,Likely Republican,6,Likely Republican,6,Likely Republican,6,6
206,MI08,Tossup,4,Tossup,4,Lean Democratic,3,3.666666667
207,MI09,Solid Democratic,1,Solid Democratic,1,Safe Democratic,1,1
208,MI10,Solid Republican,7,Solid Republican,7,Safe Republican,7,7
209,MI11,Lean Democratic,3,Tilt Democratic,3.5,Lean Democratic,3,3.166666667
210,MI12,Solid Democratic,1,Solid Democratic,1,Safe Democratic,1,1
211,MI13,Solid Democratic,1,Solid Democratic,1,Safe Democratic,1,1
212,MI14,Solid Democratic,1,Solid Democratic,1,Safe Democratic,1,1
213,MN01,Tossup,4,Tossup,4,Lean Democratic,3,3.666666667
214,MN02,Lean Democratic,3,Tilt Democratic,3.5,Lean Democratic,3,3.166666667
215,MN03,Lean Democratic,3,Tilt Democratic,3.5,Lean Democratic,3,3.166666667
216,MN04,Solid Democratic,1,Solid Democratic,1,Safe Democratic,1,1
217,MN05,Solid Democratic,1,Solid Democratic,1,Safe Democratic,1,1
218,MN06,Solid Republican,7,Solid Republican,7,Safe Republican,7,7
219,MN07,Likely Democratic,2,Solid Democratic,1,Likely Democratic,2,1.666666667
220,MN08,Lean Republican,5,Lean Republican,5,Lean Republican,5,5
221,MO01,Solid Democratic,1,Solid Democratic,1,Safe Democratic,1,1
222,MO02,Lean Republican,5,Solid Republican,7,Likely Republican,6,6
223,MO03,Solid Republican,7,Solid Republican,7,Safe Republican,7,7
224,MO04,Solid Republican,7,Solid Republican,7,Safe Republican,7,7
225,MO05,Solid Democratic,1,Solid Democratic,1,Safe Democratic,1,1
226,MO06,Solid Republican,7,Solid Republican,7,Safe Republican,7,7
227,MO07,Solid Republican,7,Solid Republican,7,Safe Republican,7,7
228,MO08,Solid Republican,7,Solid Republican,7,Safe Republican,7,7
229,MS01,Solid Republican,7,Solid Republican,7,Safe Republican,7,7
230,MS02,Solid Democratic,1,Solid Democratic,1,Safe Democratic,1,1
231,MS03,Solid Republican,7,Solid Republican,7,Safe Republican,7,7
232,MS04,Solid Republican,7,Solid Republican,7,Safe Republican,7,7
233,MT01,Lean Republican,5,Likely Republican,6,Lean Republican,5,5.333333333
234,NC01,Solid Democratic,1,Solid Democratic,1,Safe Democratic,1,1
235,NC02,Lean Republican,5,Lean Republican,5,Lean Republican,5,5
236,NC03,Solid Republican,7,Solid Republican,7,Safe Republican,7,7
237,NC04,Solid Democratic,1,Solid Democratic,1,Safe Democratic,1,1
238,NC05,Solid Republican,7,Solid Republican,7,Safe Republican,7,7
239,NC06,Solid Republican,7,Solid Republican,7,Safe Republican,7,7
240,NC07,Solid Republican,7,Solid Republican,7,Safe Republican,7,7
241,NC08,Likely Republican,6,Solid Republican,7,Likely Republican,6,6.333333333
242,NC09,Tossup,4,Tossup,4,Lean Democratic,3,3.666666667
243,NC10,Solid Republican,7,Solid Republican,7,Safe Republican,7,7
244,NC11,Solid Republican,7,Solid Republican,7,Safe Republican,7,7
245,NC12,Solid Democratic,1,Solid Democratic,1,Safe Democratic,1,1
246,NC13,Tossup,4,Tilt Republican,4.5,Lean Republican,5,4.5
247,ND01,Solid Republican,7,Solid Republican,7,Safe Republican,7,7
248,NE01,Solid Republican,7,Solid Republican,7,Safe Republican,7,7
249,NE02,Lean Republican,5,Lean Republican,5,Lean Republican,5,5
250,NE03,Solid Republican,7,Solid Republican,7,Safe Republican,7,7
251,NH01,Likely Democratic,2,Lean Democratic,3,Likely Democratic,2,2.333333333
252,NH02,Solid Democratic,1,Solid Democratic,1,Safe Democratic,1,1
253,NJ01,Solid Democratic,1,Solid Democratic,1,Safe Democratic,1,1
254,NJ02,Likely Democratic,2,Likely Democratic,2,Safe Democratic,1,1.666666667
255,NJ03,Tossup,4,Tilt Democratic,3.5,Lean Democratic,3,3.5
256,NJ04,Solid Republican,7,Solid Republican,7,Safe Republican,7,7
257,NJ05,Likely Democratic,2,Solid Democratic,1,Likely Democratic,2,1.666666667
258,NJ06,Solid Democratic,1,Solid Democratic,1,Safe Democratic,1,1
259,NJ07,Tossup,4,Tossup,4,Lean Democratic,3,3.666666667
260,NJ08,Solid Democratic,1,Solid Democratic,1,Safe Democratic,1,1
261,NJ09,Solid Democratic,1,Solid Democratic,1,Safe Democratic,1,1
262,NJ10,Solid Democratic,1,Solid Democratic,1,Safe Democratic,1,1
263,NJ11,Lean Democratic,3,Lean Democratic,3,Lean Democratic,3,3
264,NJ12,Solid Democratic,1,Solid Democratic,1,Safe Democratic,1,1
265,NM01,Solid Democratic,1,Solid Democratic,1,Safe Democratic,1,1
266,NM02,Tossup,4,Tilt Republican,4.5,Lean Democratic,3,3.833333333
267,NM03,Solid Democratic,1,Solid Democratic,1,Safe Democratic,1,1
268,NV01,Solid Democratic,1,Solid Democratic,1,Safe Democratic,1,1
269,NV02,Solid Republican,7,Solid Republican,7,Safe Republican,7,7
270,NV03,Lean Democratic,3,Tilt Democratic,3.5,Lean Democratic,3,3.166666667
271,NV04,Lean Democratic,3,Lean Democratic,3,Likely Democratic,2,2.666666667
272,NY01,Likely Republican,6,Solid Republican,7,Lean Republican,5,6
273,NY02,Likely Republican,6,Solid Republican,7,Likely Republican,6,6.333333333
274,NY03,Solid Democratic,1,Solid Democratic,1,Safe Democratic,1,1
275,NY04,Solid Democratic,1,Solid Democratic,1,Safe Democratic,1,1
276,NY05,Solid Democratic,1,Solid Democratic,1,Safe Democratic,1,1
277,NY06,Solid Democratic,1,Solid Democratic,1,Safe Democratic,1,1
278,NY07,Solid Democratic,1,Solid Democratic,1,Safe Democratic,1,1
279,NY08,Solid Democratic,1,Solid Democratic,1,Safe Democratic,1,1
280,NY09,Solid Democratic,1,Solid Democratic,1,Safe Democratic,1,1
281,NY10,Solid Democratic,1,Solid Democratic,1,Safe Democratic,1,1
282,NY11,Lean Republican,5,Lean Republican,5,Lean Republican,5,5
283,NY12,Solid Democratic,1,Solid Democratic,1,Safe Democratic,1,1
284,NY13,Solid Democratic,1,Solid Democratic,1,Safe Democratic,1,1
285,NY14,Solid Democratic,1,Solid Democratic,1,Safe Democratic,1,1
286,NY15,Solid Democratic,1,Solid Democratic,1,Safe Democratic,1,1
287,NY16,Solid Democratic,1,Solid Democratic,1,Safe Democratic,1,1
288,NY17,Solid Democratic,1,Solid Democratic,1,Safe Democratic,1,1
289,NY18,Solid Democratic,1,Solid Democratic,1,Likely Democratic,2,1.333333333
290,NY19,Tossup,4,Tilt Democratic,3.5,Lean Democratic,3,3.5
291,NY20,Solid Democratic,1,Solid Democratic,1,Safe Democratic,1,1
292,NY21,Likely Republican,6,Solid Republican,7,Likely Republican,6,6.333333333
293,NY22,Tossup,4,Tilt Democratic,3.5,Lean Democratic,3,3.5
294,NY23,Likely Republican,6,Solid Republican,7,Likely Republican,6,6.333333333
295,NY24,Lean Republican,5,Lean Republican,5,Lean Republican,5,5
296,NY25,Solid Democratic,1,Solid Democratic,1,Safe Democratic,1,1
297,NY26,Solid Democratic,1,Solid Democratic,1,Safe Democratic,1,1
298,NY27,Lean Republican,5,Lean Republican,5,Lean Republican,5,5
299,OH01,Lean Republican,5,Tilt Republican,4.5,Lean Republican,5,4.833333333
300,OH02,Solid Republican,7,Solid Republican,7,Safe Republican,7,7
301,OH03,Solid Democratic,1,Solid Democratic,1,Safe Democratic,1,1
302,OH04,Solid Republican,7,Solid Republican,7,Safe Republican,7,7
303,OH05,Solid Republican,7,Solid Republican,7,Safe Republican,7,7
304,OH06,Solid Republican,7,Solid Republican,7,Safe Republican,7,7
305,OH07,Solid Republican,7,Solid Republican,7,Likely Republican,6,6.666666667
306,OH08,Solid Republican,7,Solid Republican,7,Safe Republican,7,7
307,OH09,Solid Democratic,1,Solid Democratic,1,Safe Democratic,1,1
308,OH10,Likely Republican,6,Solid Republican,7,Likely Republican,6,6.333333333
309,OH11,Solid Democratic,1,Solid Democratic,1,Safe Democratic,1,1
310,OH12,Tossup,4,Tossup,4,Lean Republican,5,4.333333333
311,OH13,Solid Democratic,1,Solid Democratic,1,Safe Democratic,1,1
312,OH14,Likely Republican,6,Likely Republican,6,Lean Republican,5,5.666666667
313,OH15,Solid Republican,7,Solid Republican,7,Likely Republican,6,6.666666667
314,OH16,Solid Republican,7,Solid Republican,7,Safe Republican,7,7
315,OK01,Solid Republican,7,Solid Republican,7,Safe Republican,7,7
316,OK02,Solid Republican,7,Solid Republican,7,Safe Republican,7,7
317,OK03,Solid Republican,7,Solid Republican,7,Safe Republican,7,7
318,OK04,Solid Republican,7,Solid Republican,7,Safe Republican,7,7
319,OK05,Likely Republican,6,Solid Republican,7,Likely Republican,6,6.333333333
320,OR01,Solid Democratic,1,Solid Democratic,1,Safe Democratic,1,1
321,OR02,Solid Republican,7,Solid Republican,7,Safe Republican,7,7
322,OR03,Solid Democratic,1,Solid Democratic,1,Safe Democratic,1,1
323,OR04,Solid Democratic,1,Solid Democratic,1,Safe Democratic,1,1
324,OR05,Solid Democratic,1,Solid Democratic,1,Safe Democratic,1,1
325,PA01,Tossup,4,Tossup,4,Lean Republican,5,4.333333333
326,PA02,Solid Democratic,1,Solid Democratic,1,Safe Democratic,1,1
327,PA03,Solid Democratic,1,Solid Democratic,1,Safe Democratic,1,1
328,PA04,Solid Democratic,1,Solid Democratic,1,Safe Democratic,1,1
329,PA05,Likely Democratic,2,Likely Democratic,2,Safe Democratic,1,1.666666667
330,PA06,Likely Democratic,2,Likely Democratic,2,Safe Democratic,1,1.666666667
331,PA07,Lean Democratic,3,Lean Democratic,3,Lean Democratic,3,3
332,PA08,Likely Democratic,2,Lean Democratic,3,Likely Democratic,2,2.333333333
333,PA09,Solid Republican,7,Solid Republican,7,Safe Republican,7,7
334,PA10,Tossup,4,Lean Republican,5,Lean Republican,5,4.666666667
335,PA11,Solid Republican,7,Solid Republican,7,Safe Republican,7,7
336,PA12,Solid Republican,7,Solid Republican,7,Safe Republican,7,7
337,PA13,Solid Republican,7,Solid Republican,7,Safe Republican,7,7
338,PA14,Likely Republican,6,Likely Republican,6,Safe Republican,7,6.333333333
339,PA15,Solid Republican,7,Solid Republican,7,Safe Republican,7,7
340,PA16,Lean Republican,5,Likely Republican,6,Lean Republican,5,5.333333333
341,PA17,Likely Democratic,2,Lean Democratic,3,Likely Democratic,2,2.333333333
342,PA18,Solid Democratic,1,Solid Democratic,1,Safe Democratic,1,1
343,RI01,Solid Democratic,1,Solid Democratic,1,Safe Democratic,1,1
344,RI02,Solid Democratic,1,Solid Democratic,1,Safe Democratic,1,1
345,SC01,Lean Republican,5,Likely Republican,6,Lean Republican,5,5.333333333
346,SC02,Solid Republican,7,Solid Republican,7,Safe Republican,7,7
347,SC03,Solid Republican,7,Solid Republican,7,Safe Republican,7,7
348,SC04,Solid Republican,7,Solid Republican,7,Safe Republican,7,7
349,SC05,Solid Republican,7,Solid Republican,7,Safe Republican,7,7
350,SC06,Solid Democratic,1,Solid Democratic,1,Safe Democratic,1,1
351,SC07,Solid Republican,7,Solid Republican,7,Safe Republican,7,7
352,SD01,Solid Republican,7,Solid Republican,7,Safe Republican,7,7
353,TN01,Solid Republican,7,Solid Republican,7,Safe Republican,7,7
354,TN02,Solid Republican,7,Solid Republican,7,Safe Republican,7,7
355,TN03,Solid Republican,7,Solid Republican,7,Safe Republican,7,7
356,TN04,Solid Republican,7,Solid Republican,7,Safe Republican,7,7
357,TN05,Solid Democratic,1,Solid Democratic,1,Safe Democratic,1,1
358,TN06,Solid Republican,7,Solid Republican,7,Safe Republican,7,7
359,TN07,Solid Republican,7,Solid Republican,7,Safe Republican,7,7
360,TN08,Solid Republican,7,Solid Republican,7,Safe Republican,7,7
361,TN09,Solid Democratic,1,Solid Democratic,1,Safe Democratic,1,1
362,TX01,Solid Republican,7,Solid Republican,7,Safe Republican,7,7
363,TX02,Likely Republican,6,Solid Republican,7,Likely Republican,6,6.333333333
364,TX03,Solid Republican,7,Solid Republican,7,Safe Republican,7,7
365,TX04,Solid Republican,7,Solid Republican,7,Safe Republican,7,7
366,TX05,Solid Republican,7,Solid Republican,7,Safe Republican,7,7
367,TX06,Likely Republican,6,Solid Republican,7,Likely Republican,6,6.333333333
368,TX07,Tossup,4,Tilt Republican,4.5,Lean Republican,5,4.5
369,TX08,Solid Republican,7,Solid Republican,7,Safe Republican,7,7
370,TX09,Solid Democratic,1,Solid Democratic,1,Safe Democratic,1,1
371,TX10,Likely Republican,6,Solid Republican,7,Safe Republican,7,6.666666667
372,TX11,Solid Republican,7,Solid Republican,7,Safe Republican,7,7
373,TX12,Solid Republican,7,Solid Republican,7,Safe Republican,7,7
374,TX13,Solid Republican,7,Solid Republican,7,Safe Republican,7,7
375,TX14,Solid Republican,7,Solid Republican,7,Safe Republican,7,7
376,TX15,Solid Democratic,1,Solid Democratic,1,Safe Democratic,1,1
377,TX16,Solid Democratic,1,Solid Democratic,1,Safe Democratic,1,1
378,TX17,Solid Republican,7,Solid Republican,7,Safe Republican,7,7
379,TX18,Solid Democratic,1,Solid Democratic,1,Safe Democratic,1,1
380,TX19,Solid Republican,7,Solid Republican,7,Safe Republican,7,7
381,TX20,Solid Democratic,1,Solid Democratic,1,Safe Democratic,1,1
382,TX21,Likely Republican,6,Likely Republican,6,Likely Republican,6,6
383,TX22,Lean Republican,5,Solid Republican,7,Likely Republican,6,6
384,TX23,Lean Republican,5,Lean Republican,5,Lean Republican,5,5
385,TX24,Likely Republican,6,Solid Republican,7,Safe Republican,7,6.666666667
386,TX25,Solid Republican,7,Solid Republican,7,Safe Republican,7,7
387,TX26,Solid Republican,7,Solid Republican,7,Safe Republican,7,7
388,TX27,Solid Republican,7,Solid Republican,7,Safe Republican,7,7
389,TX28,Solid Democratic,1,Solid Democratic,1,Safe Democratic,1,1
390,TX29,Solid Democratic,1,Solid Democratic,1,Safe Democratic,1,1
391,TX30,Solid Democratic,1,Solid Democratic,1,Safe Democratic,1,1
392,TX31,Likely Republican,6,Likely Republican,6,Likely Republican,6,6
393,TX32,Tossup,4,Tossup,4,Lean Democratic,3,3.666666667
394,TX33,Solid Democratic,1,Solid Democratic,1,Safe Democratic,1,1
395,TX34,Solid Democratic,1,Solid Democratic,1,Safe Democratic,1,1
396,TX35,Solid Democratic,1,Solid Democratic,1,Safe Democratic,1,1
397,TX36,Solid Republican,7,Solid Republican,7,Safe Republican,7,7
398,UT01,Solid Republican,7,Solid Republican,7,Safe Republican,7,7
399,UT02,Solid Republican,7,Solid Republican,7,Safe Republican,7,7
400,UT03,Solid Republican,7,Solid Republican,7,Safe Republican,7,7
401,UT04,Tossup,4,Tossup,4,Lean Democratic,3,3.666666667
402,VA01,Solid Republican,7,Solid Republican,7,Safe Republican,7,7
403,VA02,Tossup,4,Tilt Republican,4.5,Lean Democratic,3,3.833333333
404,VA03,Solid Democratic,1,Solid Democratic,1,Safe Democratic,1,1
405,VA04,Solid Democratic,1,Solid Democratic,1,Safe Democratic,1,1
406,VA05,Lean Republican,5,Likely Republican,6,Lean Republican,5,5.333333333
407,VA06,Solid Republican,7,Solid Republican,7,Safe Republican,7,7
408,VA07,Tossup,4,Tossup,4,Lean Democratic,3,3.666666667
409,VA08,Solid Democratic,1,Solid Democratic,1,Safe Democratic,1,1
410,VA09,Solid Republican,7,Solid Republican,7,Safe Republican,7,7
411,VA10,Lean Democratic,3,Tilt Democratic,3.5,Lean Democratic,3,3.166666667
412,VA11,Solid Democratic,1,Solid Democratic,1,Safe Democratic,1,1
413,VT01,Solid Democratic,1,Solid Democratic,1,Safe Democratic,1,1
414,WA01,Solid Democratic,1,Solid Democratic,1,Safe Democratic,1,1
415,WA02,Solid Democratic,1,Solid Democratic,1,Safe Democratic,1,1
416,WA03,Lean Republican,5,Likely Republican,6,Lean Republican,5,5.333333333
417,WA04,Solid Republican,7,Solid Republican,7,Safe Republican,7,7
418,WA05,Lean Republican,5,Likely Republican,6,Lean Republican,5,5.333333333
419,WA06,Solid Democratic,1,Solid Democratic,1,Safe Democratic,1,1
420,WA07,Solid Democratic,1,Solid Democratic,1,Safe Democratic,1,1
421,WA08,Lean Democratic,3,Tossup,4,Lean Democratic,3,3.333333333
422,WA09,Solid Democratic,1,Solid Democratic,1,Safe Democratic,1,1
423,WA10,Solid Democratic,1,Solid Democratic,1,Safe Democratic,1,1
424,WI01,Lean Republican,5,Lean Republican,5,Lean Republican,5,5
425,WI02,Solid Democratic,1,Solid Democratic,1,Safe Democratic,1,1
426,WI03,Solid Democratic,1,Solid Democratic,1,Safe Democratic,1,1
427,WI04,Solid Democratic,1,Solid Democratic,1,Safe Democratic,1,1
428,WI05,Solid Republican,7,Solid Republican,7,Safe Republican,7,7
429,WI06,Likely Republican,6,Solid Republican,7,Likely Republican,6,6.333333333
430,WI07,Solid Republican,7,Solid Republican,7,Safe Republican,7,7
431,WI08,Solid Republican,7,Solid Republican,7,Safe Republican,7,7
432,WV01,Solid Republican,7,Solid Republican,7,Safe Republican,7,7
433,WV02,Likely Republican,6,Solid Republican,7,Safe Republican,7,6.666666667
434,WV03,Lean Republican,5,Lean Republican,5,Lean Republican,5,5
435,WY01,Solid Republican,7,Solid Republican,7,Safe Republican,7,7