year,district_id,cpr,cpr_num,inside_elections,inside_elections_num,crystal_ball,crystal_ball_num,avg
2018,AK00,Lean Republican,5,Likely Republican,6,Lean Republican,5,5.333333333
2018,AL01,Solid Republican,7,Solid Republican,7,Safe Republican,7,7
2018,AL02,Solid Republican,7,Solid Republican,7,Safe Republican,7,7
2018,AL03,Solid Republican,7,Solid Republican,7,Safe Republican,7,7
2018,AL04,Solid Republican,7,Solid Republican,7,Safe Republican,7,7
2018,AL05,Solid Republican,7,Solid Republican,7,Safe Republican,7,7
2018,AL06,Solid Republican,7,Solid Republican,7,Safe Republican,7,7
2018,AL07,Solid Democratic,1,Solid Democratic,1,Safe Democratic,1,1
2018,AR01,Solid Republican,7,Solid Republican,7,Safe Republican,7,7
2018,AR02,Likely Republican,6,Likely Republican,6,Lean Republican,5,5.666666667
2018,AR03,Solid Republican,7,Solid Republican,7,Safe Republican,7,7
2018,AR04,Solid Republican,7,Solid Republican,7,Safe Republican,7,7
2018,AZ01,Lean Democratic,3,Lean Democratic,3,Likely Democratic,2,2.666666667
2018,AZ02,Lean Democratic,3,Lean Democratic,3,Likely Democratic,2,2.666666667
2018,AZ03,Solid Democratic,1,Solid Democratic,1,Safe Democratic,1,1
2018,AZ04,Solid Republican,7,Solid Republican,7,Safe Republican,7,7
2018,AZ05,Solid Republican,7,Solid Republican,7,Safe Republican,7,7
2018,AZ06,Likely Republican,6,Solid Republican,7,Likely Republican,6,6.333333333
2018,AZ07,Solid Democratic,1,Solid Democratic,1,Safe Democratic,1,1
2018,AZ08,Likely Republican,6,Likely Republican,6,Likely Republican,6,6
2018,AZ09,Solid Democratic,1,Solid Democratic,1,Safe Democratic,1,1
2018,CA01,Likely Republican,6,Solid Republican,7,Safe Republican,7,6.666666667
2018,CA02,Solid Democratic,1,Solid Democratic,1,Safe Democratic,1,1
2018,CA03,Solid Democratic,1,Solid Democratic,1,Safe Democratic,1,1
2018,CA04,Likely Republican,6,Likely Republican,6,Likely Republican,6,6
2018,CA05,Solid Democratic,1,Solid Democratic,1,Safe Democratic,1,1
2018,CA06,Solid Democratic,1,Solid Democratic,1,Safe Democratic,1,1
2018,CA07,Likely Democratic,2,Solid Democratic,1,Likely Democratic,2,1.666666667
2018,CA08,Solid Republican,7,Solid Republican,7,Safe Republican,7,7
2018,CA09,Solid Democratic,1,Solid Democratic,1,Safe Democratic,1,1
2018,CA10,Tossup,3.5,Tossup,4,Lean Democratic,3,3.5
2018,CA11,Solid Democratic,1,Solid Democratic,1,Safe Democratic,1,1
2018,CA12,Solid Democratic,1,Solid Democratic,1,Safe Democratic,1,1
2018,CA13,Solid Democratic,1,Solid Democratic,1,Safe Democratic,1,1
2018,CA14,Solid Democratic,1,Solid Democratic,1,Safe Democratic,1,1
2018,CA15,Solid Democratic,1,Solid Democratic,1,Safe Democratic,1,1
2018,CA16,Likely Democratic,2,Solid Democratic,1,Likely Democratic,2,1.666666667
2018,CA17,Solid Democratic,1,Solid Democratic,1,Safe Democratic,1,1
2018,CA18,Solid Democratic,1,Solid Democratic,1,Safe Democratic,1,1
2018,CA19,Solid Democratic,1,Solid Democratic,1,Safe Democratic,1,1
2018,CA20,Solid Democratic,1,Solid Democratic,1,Safe Democratic,1,1
2018,CA21,Likely Republican,6,Likely Republican,6,Lean Republican,5,5.666666667
2018,CA22,Likely Republican,6,Solid Republican,7,Likely Republican,6,6.333333333
2018,CA23,Solid Republican,7,Solid Republican,7,Safe Republican,7,7
2018,CA24,Solid Democratic,1,Solid Democratic,1,Likely Democratic,2,1.333333333
2018,CA25,Tossup,3.5,Tossup,4,Lean Republican,5,4.166666667
2018,CA26,Solid Democratic,1,Solid Democratic,1,Safe Democratic,1,1
2018,CA27,Solid Democratic,1,Solid Democratic,1,Safe Democratic,1,1
2018,CA28,Solid Democratic,1,Solid Democratic,1,Safe Democratic,1,1
2018,CA29,Solid Democratic,1,Solid Democratic,1,Safe Democratic,1,1
2018,CA30,Solid Democratic,1,Solid Democratic,1,Safe Democratic,1,1
2018,CA31,Solid Democratic,1,Solid Democratic,1,Safe Democratic,1,1
2018,CA32,Solid Democratic,1,Solid Democratic,1,Safe Democratic,1,1
2018,CA33,Solid Democratic,1,Solid Democratic,1,Safe Democratic,1,1
2018,CA34,Solid Democratic,1,Solid Democratic,1,Safe Democratic,1,1
2018,CA35,Solid Democratic,1,Solid Democratic,1,Safe Democratic,1,1
2018,CA36,Solid Democratic,1,Solid Democratic,1,Safe Democratic,1,1
2018,CA37,Solid Democratic,1,Solid Democratic,1,Safe Democratic,1,1
2018,CA38,Solid Democratic,1,Solid Democratic,1,Safe Democratic,1,1
2018,CA39,Tossup,3.5,Tossup,4,Lean Republican,5,4.166666667
2018,CA40,Solid Democratic,1,Solid Democratic,1,Safe Democratic,1,1
2018,CA41,Solid Democratic,1,Solid Democratic,1,Safe Democratic,1,1
2018,CA42,Solid Republican,7,Solid Republican,7,Safe Republican,7,7
2018,CA43,Solid Democratic,1,Solid Democratic,1,Safe Democratic,1,1
2018,CA44,Solid Democratic,1,Solid Democratic,1,Safe Democratic,1,1
2018,CA45,Tossup,3.5,Tossup,4,Lean Democratic,3,3.5
2018,CA46,Solid Democratic,1,Solid Democratic,1,Safe Democratic,1,1
2018,CA47,Solid Democratic,1,Solid Democratic,1,Safe Democratic,1,1
2018,CA48,Tossup,3.5,Tilt Democratic,3,Lean Democratic,3,3.166666667
2018,CA49,Lean Democratic,3,Lean Democratic,3,Likely Democratic,2,2.666666667
2018,CA50,Lean Republican,5,Lean Republican,5,Lean Republican,5,5
2018,CA51,Solid Democratic,1,Solid Democratic,1,Safe Democratic,1,1
2018,CA52,Solid Democratic,1,Solid Democratic,1,Safe Democratic,1,1
2018,CA53,Solid Democratic,1,Solid Democratic,1,Safe Democratic,1,1
2018,CO01,Solid Democratic,1,Solid Democratic,1,Safe Democratic,1,1
2018,CO02,Solid Democratic,1,Solid Democratic,1,Safe Democratic,1,1
2018,CO03,Likely Republican,6,Solid Republican,7,Lean Republican,5,6
2018,CO04,Solid Republican,7,Solid Republican,7,Safe Republican,7,7
2018,CO05,Solid Republican,7,Solid Republican,7,Safe Republican,7,7
2018,CO06,Lean Democratic,3,Tilt Democratic,3,Lean Democratic,3,3
2018,CO07,Solid Democratic,1,Solid Democratic,1,Safe Democratic,1,1
2018,CT01,Solid Democratic,1,Solid Democratic,1,Safe Democratic,1,1
2018,CT02,Solid Democratic,1,Solid Democratic,1,Safe Democratic,1,1
2018,CT03,Solid Democratic,1,Solid Democratic,1,Safe Democratic,1,1
2018,CT04,Solid Democratic,1,Solid Democratic,1,Safe Democratic,1,1
2018,CT05,Solid Democratic,1,Solid Democratic,1,Safe Democratic,1,1
2018,DE00,Solid Democratic,1,Solid Democratic,1,Safe Democratic,1,1
2018,FL01,Solid Republican,7,Solid Republican,7,Safe Republican,7,7
2018,FL02,Solid Republican,7,Solid Republican,7,Safe Republican,7,7
2018,FL03,Solid Republican,7,Solid Republican,7,Safe Republican,7,7
2018,FL04,Solid Republican,7,Solid Republican,7,Safe Republican,7,7
2018,FL05,Solid Democratic,1,Solid Democratic,1,Safe Democratic,1,1
2018,FL06,Lean Republican,5,Lean Republican,5,Lean Republican,5,5
2018,FL07,Likely Democratic,2,Solid Democratic,1,Likely Democratic,2,1.666666667
2018,FL08,Solid Republican,7,Solid Republican,7,Safe Republican,7,7
2018,FL09,Solid Democratic,1,Solid Democratic,1,Safe Democratic,1,1
2018,FL10,Solid Democratic,1,Solid Democratic,1,Safe Democratic,1,1
2018,FL11,Solid Republican,7,Solid Republican,7,Safe Republican,7,7
2018,FL12,Solid Republican,7,Solid Republican,7,Safe Republican,7,7
2018,FL13,Solid Democratic,1,Solid Democratic,1,Safe Democratic,1,1
2018,FL14,Solid Democratic,1,Solid Democratic,1,Safe Democratic,1,1
2018,FL15,Tossup,3.5,Tilt Republican,5,Lean Republican,5,4.5
2018,FL16,Lean Republican,5,Likely Republican,6,Likely Republican,6,5.666666667
2018,FL17,Solid Republican,7,Solid Republican,7,Safe Republican,7,7
2018,FL18,Lean Republican,5,Likely Republican,6,Lean Republican,5,5.333333333
2018,FL19,Solid Republican,7,Solid Republican,7,Safe Republican,7,7
2018,FL20,Solid Democratic,1,Solid Democratic,1,Safe Democratic,1,1
2018,FL21,Solid Democratic,1,Solid Democratic,1,Safe Democratic,1,1
2018,FL22,Solid Democratic,1,Solid Democratic,1,Safe Democratic,1,1
2018,FL23,Solid Democratic,1,Solid Democratic,1,Safe Democratic,1,1
2018,FL24,Solid Democratic,1,Solid Democratic,1,Safe Democratic,1,1
2018,FL25,Lean Republican,5,Solid Republican,7,Likely Republican,6,6
2018,FL26,Tossup,3.5,Tossup,4,Lean Republican,5,4.166666667
2018,FL27,Lean Democratic,3,Lean Democratic,3,Lean Democratic,3,3
2018,GA01,Solid Republican,7,Solid Republican,7,Safe Republican,7,7
2018,GA02,Solid Democratic,1,Solid Democratic,1,Safe Democratic,1,1
2018,GA03,Solid Republican,7,Solid Republican,7,Safe Republican,7,7
2018,GA04,Solid Democratic,1,Solid Democratic,1,Safe Democratic,1,1
2018,GA05,Solid Democratic,1,Solid Democratic,1,Safe Democratic,1,1
2018,GA06,Tossup,3.5,Lean Republican,5,Lean Republican,5,4.5
2018,GA07,Lean Republican,5,Lean Republican,5,Lean Republican,5,5
2018,GA08,Solid Republican,7,Solid Republican,7,Safe Republican,7,7
2018,GA09,Solid Republican,7,Solid Republican,7,Safe Republican,7,7
2018,GA10,Solid Republican,7,Solid Republican,7,Safe Republican,7,7
2018,GA11,Solid Republican,7,Solid Republican,7,Safe Republican,7,7
2018,GA12,Solid Republican,7,Solid Republican,7,Safe Republican,7,7
2018,GA13,Solid Democratic,1,Solid Democratic,1,Safe Democratic,1,1
2018,GA14,Solid Republican,7,Solid Republican,7,Safe Republican,7,7
2018,HI01,Solid Democratic,1,Solid Democratic,1,Safe Democratic,1,1
2018,HI02,Solid Democratic,1,Solid Democratic,1,Safe Democratic,1,1
2018,IA01,Lean Democratic,3,Lean Democratic,3,Lean Democratic,3,3
2018,IA02,Solid Democratic,1,Solid Democratic,1,Safe Democratic,1,1
2018,IA03,Tossup,3.5,Tossup,4,Lean Democratic,3,3.5
2018,IA04,Lean Republican,5,Likely Republican,6,Lean Republican,5,5.333333333
2018,ID01,Solid Republican,7,Solid Republican,7,Safe Republican,7,7
2018,ID02,Solid Republican,7,Solid Republican,7,Safe Republican,7,7
2018,IL01,Solid Democratic,1,Solid Democratic,1,Safe Democratic,1,1
2018,IL02,Solid Democratic,1,Solid Democratic,1,Safe Democratic,1,1
2018,IL03,Solid Democratic,1,Solid Democratic,1,Safe Democratic,1,1
2018,IL04,Solid Democratic,1,Solid Democratic,1,Safe Democratic,1,1
2018,IL05,Solid Democratic,1,Solid Democratic,1,Safe Democratic,1,1
2018,IL06,Lean Democratic,3,Tilt Democratic,3,Lean Democratic,3,3
2018,IL07,Solid Democratic,1,Solid Democratic,1,Safe Democratic,1,1
2018,IL08,Solid Democratic,1,Solid Democratic,1,Safe Democratic,1,1
2018,IL09,Solid Democratic,1,Solid Democratic,1,Safe Democratic,1,1
2018,IL10,Solid Democratic,1,Solid Democratic,1,Safe Democratic,1,1
2018,IL11,Solid Democratic,1,Solid Democratic,1,Safe Democratic,1,1
2018,IL12,Lean Republican,5,Tilt Republican,5,Lean Republican,5,5
2018,IL13,Lean Republican,5,Lean Republican,5,Lean Republican,5,5
2018,IL14,Tossup,3.5,Tossup,4,Lean Democratic,3,3.5
2018,IL15,Solid Republican,7,Solid Republican,7,Safe Republican,7,7
2018,IL16,Solid Republican,7,Solid Republican,7,Safe Republican,7,7
2018,IL17,Solid Democratic,1,Solid Democratic,1,Safe Democratic,1,1
2018,IL18,Solid Republican,7,Solid Republican,7,Safe Republican,7,7
2018,IN01,Solid Democratic,1,Solid Democratic,1,Safe Democratic,1,1
2018,IN02,Likely Republican,6,Likely Republican,6,Likely Republican,6,6
2018,IN03,Solid Republican,7,Solid Republican,7,Safe Republican,7,7
2018,IN04,Solid Republican,7,Solid Republican,7,Safe Republican,7,7
2018,IN05,Solid Republican,7,Solid Republican,7,Safe Republican,7,7
2018,IN06,Solid Republican,7,Solid Republican,7,Safe Republican,7,7
2018,IN07,Solid Democratic,1,Solid Democratic,1,Safe Democratic,1,1
2018,IN08,Solid Republican,7,Solid Republican,7,Safe Republican,7,7
2018,IN09,Solid Republican,7,Solid Republican,7,Likely Republican,6,6.666666667
2018,KS01,Solid Republican,7,Solid Republican,7,Safe Republican,7,7
2018,KS02,Tossup,3.5,Tossup,4,Lean Democratic,3,3.5
2018,KS03,Lean Democratic,3,Lean Democratic,3,Lean Democratic,3,3
2018,KS04,Solid Republican,7,Solid Republican,7,Safe Republican,7,7
2018,KY01,Solid Republican,7,Solid Republican,7,Safe Republican,7,7
2018,KY02,Solid Republican,7,Solid Republican,7,Safe Republican,7,7
2018,KY03,Solid Democratic,1,Solid Democratic,1,Safe Democratic,1,1
2018,KY04,Solid Republican,7,Solid Republican,7,Safe Republican,7,7
2018,KY05,Solid Republican,7,Solid Republican,7,Safe Republican,7,7
2018,KY06,Tossup,3.5,Tossup,4,Lean Republican,5,4.166666667
2018,LA01,Solid Republican,7,Solid Republican,7,Safe Republican,7,7
2018,LA02,Solid Democratic,1,Solid Democratic,1,Safe Democratic,1,1
2018,LA03,Solid Republican,7,Solid Republican,7,Safe Republican,7,7
2018,LA04,Solid Republican,7,Solid Republican,7,Safe Republican,7,7
2018,LA05,Solid Republican,7,Solid Republican,7,Safe Republican,7,7
2018,LA06,Solid Republican,7,Solid Republican,7,Safe Republican,7,7
2018,MA01,Solid Democratic,1,Solid Democratic,1,Safe Democratic,1,1
2018,MA02,Solid Democratic,1,Solid Democratic,1,Safe Democratic,1,1
2018,MA03,Solid Democratic,1,Solid Democratic,1,Safe Democratic,1,1
2018,MA04,Solid Democratic,1,Solid Democratic,1,Safe Democratic,1,1
2018,MA05,Solid Democratic,1,Solid Democratic,1,Safe Democratic,1,1
2018,MA06,Solid Democratic,1,Solid Democratic,1,Safe Democratic,1,1
2018,MA07,Solid Democratic,1,Solid Democratic,1,Safe Democratic,1,1
2018,MA08,Solid Democratic,1,Solid Democratic,1,Safe Democratic,1,1
2018,MA09,Solid Democratic,1,Solid Democratic,1,Safe Democratic,1,1
2018,MD01,Solid Republican,7,Solid Republican,7,Safe Republican,7,7
2018,MD02,Solid Democratic,1,Solid Democratic,1,Safe Democratic,1,1
2018,MD03,Solid Democratic,1,Solid Democratic,1,Safe Democratic,1,1
2018,MD04,Solid Democratic,1,Solid Democratic,1,Safe Democratic,1,1
2018,MD05,Solid Democratic,1,Solid Democratic,1,Safe Democratic,1,1
2018,MD06,Solid Democratic,1,Solid Democratic,1,Safe Democratic,1,1
2018,MD07,Solid Democratic,1,Solid Democratic,1,Safe Democratic,1,1
2018,MD08,Solid Democratic,1,Solid Democratic,1,Safe Democratic,1,1
2018,ME01,Solid Democratic,1,Solid Democratic,1,Safe Democratic,1,1
2018,ME02,Tossup,3.5,Tossup,4,Lean Democratic,3,3.5
2018,MI01,Likely Republican,6,Solid Republican,7,Likely Republican,6,6.333333333
2018,MI02,Solid Republican,7,Solid Republican,7,Likely Republican,6,6.666666667
2018,MI03,Likely Republican,6,Solid Republican,7,Likely Republican,6,6.333333333
2018,MI04,Solid Republican,7,Solid Republican,7,Safe Republican,7,7
2018,MI05,Solid Democratic,1,Solid Democratic,1,Safe Democratic,1,1
2018,MI06,Lean Republican,5,Likely Republican,6,Lean Republican,5,5.333333333
2018,MI07,Likely Republican,6,Likely Republican,6,Likely Republican,6,6
2018,MI08,Tossup,3.5,Tossup,4,Lean Democratic,3,3.5
2018,MI09,Solid Democratic,1,Solid Democratic,1,Safe Democratic,1,1
2018,MI10,Solid Republican,7,Solid Republican,7,Safe Republican,7,7
2018,MI11,Lean Democratic,3,Tilt Democratic,3,Lean Democratic,3,3
2018,MI12,Solid Democratic,1,Solid Democratic,1,Safe Democratic,1,1
2018,MI13,Solid Democratic,1,Solid Democratic,1,Safe Democratic,1,1
2018,MI14,Solid Democratic,1,Solid Democratic,1,Safe Democratic,1,1
2018,MN01,Tossup,3.5,Tossup,4,Lean Democratic,3,3.5
2018,MN02,Lean Democratic,3,Tilt Democratic,3,Lean Democratic,3,3
2018,MN03,Lean Democratic,3,Tilt Democratic,3,Lean Democratic,3,3
2018,MN04,Solid Democratic,1,Solid Democratic,1,Safe Democratic,1,1
2018,MN05,Solid Democratic,1,Solid Democratic,1,Safe Democratic,1,1
2018,MN06,Solid Republican,7,Solid Republican,7,Safe Republican,7,7
2018,MN07,Likely Democratic,2,Solid Democratic,1,Likely Democratic,2,1.666666667
2018,MN08,Lean Republican,5,Lean Republican,5,Lean Republican,5,5
2018,MO01,Solid Democratic,1,Solid Democratic,1,Safe Democratic,1,1
2018,MO02,Lean Republican,5,Solid Republican,7,Likely Republican,6,6
2018,MO03,Solid Republican,7,Solid Republican,7,Safe Republican,7,7
2018,MO04,Solid Republican,7,Solid Republican,7,Safe Republican,7,7
2018,MO05,Solid Democratic,1,Solid Democratic,1,Safe Democratic,1,1
2018,MO06,Solid Republican,7,Solid Republican,7,Safe Republican,7,7
2018,MO07,Solid Republican,7,Solid Republican,7,Safe Republican,7,7
2018,MO08,Solid Republican,7,Solid Republican,7,Safe Republican,7,7
2018,MS01,Solid Republican,7,Solid Republican,7,Safe Republican,7,7
2018,MS02,Solid Democratic,1,Solid Democratic,1,Safe Democratic,1,1
2018,MS03,Solid Republican,7,Solid Republican,7,Safe Republican,7,7
2018,MS04,Solid Republican,7,Solid Republican,7,Safe Republican,7,7
2018,MT00,Lean Republican,5,Likely Republican,6,Lean Republican,5,5.333333333
2018,NC01,Solid Democratic,1,Solid Democratic,1,Safe Democratic,1,1
2018,NC02,Lean Republican,5,Lean Republican,5,Lean Republican,5,5
2018,NC03,Solid Republican,7,Solid Republican,7,Safe Republican,7,7
2018,NC04,Solid Democratic,1,Solid Democratic,1,Safe Democratic,1,1
2018,NC05,Solid Republican,7,Solid Republican,7,Safe Republican,7,7
2018,NC06,Solid Republican,7,Solid Republican,7,Safe Republican,7,7
2018,NC07,Solid Republican,7,Solid Republican,7,Safe Republican,7,7
2018,NC08,Likely Republican,6,Solid Republican,7,Likely Republican,6,6.333333333
2018,NC09,Tossup,3.5,Tossup,4,Lean Democratic,3,3.5
2018,NC10,Solid Republican,7,Solid Republican,7,Safe Republican,7,7
2018,NC11,Solid Republican,7,Solid Republican,7,Safe Republican,7,7
2018,NC12,Solid Democratic,1,Solid Democratic,1,Safe Democratic,1,1
2018,NC13,Tossup,3.5,Tilt Republican,5,Lean Republican,5,4.5
2018,ND00,Solid Republican,7,Solid Republican,7,Safe Republican,7,7
2018,NE01,Solid Republican,7,Solid Republican,7,Safe Republican,7,7
2018,NE02,Lean Republican,5,Lean Republican,5,Lean Republican,5,5
2018,NE03,Solid Republican,7,Solid Republican,7,Safe Republican,7,7
2018,NH01,Likely Democratic,2,Lean Democratic,3,Likely Democratic,2,2.333333333
2018,NH02,Solid Democratic,1,Solid Democratic,1,Safe Democratic,1,1
2018,NJ01,Solid Democratic,1,Solid Democratic,1,Safe Democratic,1,1
2018,NJ02,Likely Democratic,2,Likely Democratic,2,Safe Democratic,1,1.666666667
2018,NJ03,Tossup,3.5,Tilt Democratic,3,Lean Democratic,3,3.166666667
2018,NJ04,Solid Republican,7,Solid Republican,7,Safe Republican,7,7
2018,NJ05,Likely Democratic,2,Solid Democratic,1,Likely Democratic,2,1.666666667
2018,NJ06,Solid Democratic,1,Solid Democratic,1,Safe Democratic,1,1
2018,NJ07,Tossup,3.5,Tossup,4,Lean Democratic,3,3.5
2018,NJ08,Solid Democratic,1,Solid Democratic,1,Safe Democratic,1,1
2018,NJ09,Solid Democratic,1,Solid Democratic,1,Safe Democratic,1,1
2018,NJ10,Solid Democratic,1,Solid Democratic,1,Safe Democratic,1,1
2018,NJ11,Lean Democratic,3,Lean Democratic,3,Lean Democratic,3,3
2018,NJ12,Solid Democratic,1,Solid Democratic,1,Safe Democratic,1,1
2018,NM01,Solid Democratic,1,Solid Democratic,1,Safe Democratic,1,1
2018,NM02,Tossup,3.5,Tilt Republican,5,Lean Democratic,3,3.833333333
2018,NM03,Solid Democratic,1,Solid Democratic,1,Safe Democratic,1,1
2018,NV01,Solid Democratic,1,Solid Democratic,1,Safe Democratic,1,1
2018,NV02,Solid Republican,7,Solid Republican,7,Safe Republican,7,7
2018,NV03,Lean Democratic,3,Tilt Democratic,3,Lean Democratic,3,3
2018,NV04,Lean Democratic,3,Lean Democratic,3,Likely Democratic,2,2.666666667
2018,NY01,Likely Republican,6,Solid Republican,7,Lean Republican,5,6
2018,NY02,Likely Republican,6,Solid Republican,7,Likely Republican,6,6.333333333
2018,NY03,Solid Democratic,1,Solid Democratic,1,Safe Democratic,1,1
2018,NY04,Solid Democratic,1,Solid Democratic,1,Safe Democratic,1,1
2018,NY05,Solid Democratic,1,Solid Democratic,1,Safe Democratic,1,1
2018,NY06,Solid Democratic,1,Solid Democratic,1,Safe Democratic,1,1
2018,NY07,Solid Democratic,1,Solid Democratic,1,Safe Democratic,1,1
2018,NY08,Solid Democratic,1,Solid Democratic,1,Safe Democratic,1,1
2018,NY09,Solid Democratic,1,Solid Democratic,1,Safe Democratic,1,1
2018,NY10,Solid Democratic,1,Solid Democratic,1,Safe Democratic,1,1
2018,NY11,Lean Republican,5,Lean Republican,5,Lean Republican,5,5
2018,NY12,Solid Democratic,1,Solid Democratic,1,Safe Democratic,1,1
2018,NY13,Solid Democratic,1,Solid Democratic,1,Safe Democratic,1,1
2018,NY14,Solid Democratic,1,Solid Democratic,1,Safe Democratic,1,1
2018,NY15,Solid Democratic,1,Solid Democratic,1,Safe Democratic,1,1
2018,NY16,Solid Democratic,1,Solid Democratic,1,Safe Democratic,1,1
2018,NY17,Solid Democratic,1,Solid Democratic,1,Safe Democratic,1,1
2018,NY18,Solid Democratic,1,Solid Democratic,1,Likely Democratic,2,1.333333333
2018,NY19,Tossup,3.5,Tilt Democratic,3,Lean Democratic,3,3.166666667
2018,NY20,Solid Democratic,1,Solid Democratic,1,Safe Democratic,1,1
2018,NY21,Likely Republican,6,Solid Republican,7,Likely Republican,6,6.333333333
2018,NY22,Tossup,3.5,Tilt Democratic,3,Lean Democratic,3,3.166666667
2018,NY23,Likely Republican,6,Solid Republican,7,Likely Republican,6,6.333333333
2018,NY24,Lean Republican,5,Lean Republican,5,Lean Republican,5,5
2018,NY25,Solid Democratic,1,Solid Democratic,1,Safe Democratic,1,1
2018,NY26,Solid Democratic,1,Solid Democratic,1,Safe Democratic,1,1
2018,NY27,Lean Republican,5,Lean Republican,5,Lean Republican,5,5
2018,OH01,Lean Republican,5,Tilt Republican,5,Lean Republican,5,5
2018,OH02,Solid Republican,7,Solid Republican,7,Safe Republican,7,7
2018,OH03,Solid Democratic,1,Solid Democratic,1,Safe Democratic,1,1
2018,OH04,Solid Republican,7,Solid Republican,7,Safe Republican,7,7
2018,OH05,Solid Republican,7,Solid Republican,7,Safe Republican,7,7
2018,OH06,Solid Republican,7,Solid Republican,7,Safe Republican,7,7
2018,OH07,Solid Republican,7,Solid Republican,7,Likely Republican,6,6.666666667
2018,OH08,Solid Republican,7,Solid Republican,7,Safe Republican,7,7
2018,OH09,Solid Democratic,1,Solid Democratic,1,Safe Democratic,1,1
2018,OH10,Likely Republican,6,Solid Republican,7,Likely Republican,6,6.333333333
2018,OH11,Solid Democratic,1,Solid Democratic,1,Safe Democratic,1,1
2018,OH12,Tossup,3.5,Tossup,4,Lean Republican,5,4.166666667
2018,OH13,Solid Democratic,1,Solid Democratic,1,Safe Democratic,1,1
2018,OH14,Likely Republican,6,Likely Republican,6,Lean Republican,5,5.666666667
2018,OH15,Solid Republican,7,Solid Republican,7,Likely Republican,6,6.666666667
2018,OH16,Solid Republican,7,Solid Republican,7,Safe Republican,7,7
2018,OK01,Solid Republican,7,Solid Republican,7,Safe Republican,7,7
2018,OK02,Solid Republican,7,Solid Republican,7,Safe Republican,7,7
2018,OK03,Solid Republican,7,Solid Republican,7,Safe Republican,7,7
2018,OK04,Solid Republican,7,Solid Republican,7,Safe Republican,7,7
2018,OK05,Likely Republican,6,Solid Republican,7,Likely Republican,6,6.333333333
2018,OR01,Solid Democratic,1,Solid Democratic,1,Safe Democratic,1,1
2018,OR02,Solid Republican,7,Solid Republican,7,Safe Republican,7,7
2018,OR03,Solid Democratic,1,Solid Democratic,1,Safe Democratic,1,1
2018,OR04,Solid Democratic,1,Solid Democratic,1,Safe Democratic,1,1
2018,OR05,Solid Democratic,1,Solid Democratic,1,Safe Democratic,1,1
2018,PA01,Tossup,3.5,Tossup,4,Lean Republican,5,4.166666667
2018,PA02,Solid Democratic,1,Solid Democratic,1,Safe Democratic,1,1
2018,PA03,Solid Democratic,1,Solid Democratic,1,Safe Democratic,1,1
2018,PA04,Solid Democratic,1,Solid Democratic,1,Safe Democratic,1,1
2018,PA05,Likely Democratic,2,Likely Democratic,2,Safe Democratic,1,1.666666667
2018,PA06,Likely Democratic,2,Likely Democratic,2,Safe Democratic,1,1.666666667
2018,PA07,Lean Democratic,3,Lean Democratic,3,Lean Democratic,3,3
2018,PA08,Likely Democratic,2,Lean Democratic,3,Likely Democratic,2,2.333333333
2018,PA09,Solid Republican,7,Solid Republican,7,Safe Republican,7,7
2018,PA10,Tossup,3.5,Lean Republican,5,Lean Republican,5,4.5
2018,PA11,Solid Republican,7,Solid Republican,7,Safe Republican,7,7
2018,PA12,Solid Republican,7,Solid Republican,7,Safe Republican,7,7
2018,PA13,Solid Republican,7,Solid Republican,7,Safe Republican,7,7
2018,PA14,Likely Republican,6,Likely Republican,6,Safe Republican,7,6.333333333
2018,PA15,Solid Republican,7,Solid Republican,7,Safe Republican,7,7
2018,PA16,Lean Republican,5,Likely Republican,6,Lean Republican,5,5.333333333
2018,PA17,Likely Democratic,2,Lean Democratic,3,Likely Democratic,2,2.333333333
2018,PA18,Solid Democratic,1,Solid Democratic,1,Safe Democratic,1,1
2018,RI01,Solid Democratic,1,Solid Democratic,1,Safe Democratic,1,1
2018,RI02,Solid Democratic,1,Solid Democratic,1,Safe Democratic,1,1
2018,SC01,Lean Republican,5,Likely Republican,6,Lean Republican,5,5.333333333
2018,SC02,Solid Republican,7,Solid Republican,7,Safe Republican,7,7
2018,SC03,Solid Republican,7,Solid Republican,7,Safe Republican,7,7
2018,SC04,Solid Republican,7,Solid Republican,7,Safe Republican,7,7
2018,SC05,Solid Republican,7,Solid Republican,7,Safe Republican,7,7
2018,SC06,Solid Democratic,1,Solid Democratic,1,Safe Democratic,1,1
2018,SC07,Solid Republican,7,Solid Republican,7,Safe Republican,7,7
2018,SD00,Solid Republican,7,Solid Republican,7,Safe Republican,7,7
2018,TN01,Solid Republican,7,Solid Republican,7,Safe Republican,7,7
2018,TN02,Solid Republican,7,Solid Republican,7,Safe Republican,7,7
2018,TN03,Solid Republican,7,Solid Republican,7,Safe Republican,7,7
2018,TN04,Solid Republican,7,Solid Republican,7,Safe Republican,7,7
2018,TN05,Solid Democratic,1,Solid Democratic,1,Safe Democratic,1,1
2018,TN06,Solid Republican,7,Solid Republican,7,Safe Republican,7,7
2018,TN07,Solid Republican,7,Solid Republican,7,Safe Republican,7,7
2018,TN08,Solid Republican,7,Solid Republican,7,Safe Republican,7,7
2018,TN09,Solid Democratic,1,Solid Democratic,1,Safe Democratic,1,1
2018,TX01,Solid Republican,7,Solid Republican,7,Safe Republican,7,7
2018,TX02,Likely Republican,6,Solid Republican,7,Likely Republican,6,6.333333333
2018,TX03,Solid Republican,7,Solid Republican,7,Safe Republican,7,7
2018,TX04,Solid Republican,7,Solid Republican,7,Safe Republican,7,7
2018,TX05,Solid Republican,7,Solid Republican,7,Safe Republican,7,7
2018,TX06,Likely Republican,6,Solid Republican,7,Likely Republican,6,6.333333333
2018,TX07,Tossup,3.5,Tilt Republican,5,Lean Republican,5,4.5
2018,TX08,Solid Republican,7,Solid Republican,7,Safe Republican,7,7
2018,TX09,Solid Democratic,1,Solid Democratic,1,Safe Democratic,1,1
2018,TX10,Likely Republican,6,Solid Republican,7,Safe Republican,7,6.666666667
2018,TX11,Solid Republican,7,Solid Republican,7,Safe Republican,7,7
2018,TX12,Solid Republican,7,Solid Republican,7,Safe Republican,7,7
2018,TX13,Solid Republican,7,Solid Republican,7,Safe Republican,7,7
2018,TX14,Solid Republican,7,Solid Republican,7,Safe Republican,7,7
2018,TX15,Solid Democratic,1,Solid Democratic,1,Safe Democratic,1,1
2018,TX16,Solid Democratic,1,Solid Democratic,1,Safe Democratic,1,1
2018,TX17,Solid Republican,7,Solid Republican,7,Safe Republican,7,7
2018,TX18,Solid Democratic,1,Solid Democratic,1,Safe Democratic,1,1
2018,TX19,Solid Republican,7,Solid Republican,7,Safe Republican,7,7
2018,TX20,Solid Democratic,1,Solid Democratic,1,Safe Democratic,1,1
2018,TX21,Likely Republican,6,Likely Republican,6,Likely Republican,6,6
2018,TX22,Lean Republican,5,Solid Republican,7,Likely Republican,6,6
2018,TX23,Lean Republican,5,Lean Republican,5,Lean Republican,5,5
2018,TX24,Likely Republican,6,Solid Republican,7,Safe Republican,7,6.666666667
2018,TX25,Solid Republican,7,Solid Republican,7,Safe Republican,7,7
2018,TX26,Solid Republican,7,Solid Republican,7,Safe Republican,7,7
2018,TX27,Solid Republican,7,Solid Republican,7,Safe Republican,7,7
2018,TX28,Solid Democratic,1,Solid Democratic,1,Safe Democratic,1,1
2018,TX29,Solid Democratic,1,Solid Democratic,1,Safe Democratic,1,1
2018,TX30,Solid Democratic,1,Solid Democratic,1,Safe Democratic,1,1
2018,TX31,Likely Republican,6,Likely Republican,6,Likely Republican,6,6
2018,TX32,Tossup,3.5,Tossup,4,Lean Democratic,3,3.5
2018,TX33,Solid Democratic,1,Solid Democratic,1,Safe Democratic,1,1
2018,TX34,Solid Democratic,1,Solid Democratic,1,Safe Democratic,1,1
2018,TX35,Solid Democratic,1,Solid Democratic,1,Safe Democratic,1,1
2018,TX36,Solid Republican,7,Solid Republican,7,Safe Republican,7,7
2018,UT01,Solid Republican,7,Solid Republican,7,Safe Republican,7,7
2018,UT02,Solid Republican,7,Solid Republican,7,Safe Republican,7,7
2018,UT03,Solid Republican,7,Solid Republican,7,Safe Republican,7,7
2018,UT04,Tossup,3.5,Tossup,4,Lean Democratic,3,3.5
2018,VA01,Solid Republican,7,Solid Republican,7,Safe Republican,7,7
2018,VA02,Tossup,3.5,Tilt Republican,5,Lean Democratic,3,3.833333333
2018,VA03,Solid Democratic,1,Solid Democratic,1,Safe Democratic,1,1
2018,VA04,Solid Democratic,1,Solid Democratic,1,Safe Democratic,1,1
2018,VA05,Lean Republican,5,Likely Republican,6,Lean Republican,5,5.333333333
2018,VA06,Solid Republican,7,Solid Republican,7,Safe Republican,7,7
2018,VA07,Tossup,3.5,Tossup,4,Lean Democratic,3,3.5
2018,VA08,Solid Democratic,1,Solid Democratic,1,Safe Democratic,1,1
2018,VA09,Solid Republican,7,Solid Republican,7,Safe Republican,7,7
2018,VA10,Lean Democratic,3,Tilt Democratic,3,Lean Democratic,3,3
2018,VA11,Solid Democratic,1,Solid Democratic,1,Safe Democratic,1,1
2018,VT00,Solid Democratic,1,Solid Democratic,1,Safe Democratic,1,1
2018,WA01,Solid Democratic,1,Solid Democratic,1,Safe Democratic,1,1
2018,WA02,Solid Democratic,1,Solid Democratic,1,Safe Democratic,1,1
2018,WA03,Lean Republican,5,Likely Republican,6,Lean Republican,5,5.333333333
2018,WA04,Solid Republican,7,Solid Republican,7,Safe Republican,7,7
2018,WA05,Lean Republican,5,Likely Republican,6,Lean Republican,5,5.333333333
2018,WA06,Solid Democratic,1,Solid Democratic,1,Safe Democratic,1,1
2018,WA07,Solid Democratic,1,Solid Democratic,1,Safe Democratic,1,1
2018,WA08,Lean Democratic,3,Tossup,4,Lean Democratic,3,3.333333333
2018,WA09,Solid Democratic,1,Solid Democratic,1,Safe Democratic,1,1
2018,WA10,Solid Democratic,1,Solid Democratic,1,Safe Democratic,1,1
2018,WI01,Lean Republican,5,Lean Republican,5,Lean Republican,5,5
2018,WI02,Solid Democratic,1,Solid Democratic,1,Safe Democratic,1,1
2018,WI03,Solid Democratic,1,Solid Democratic,1,Safe Democratic,1,1
2018,WI04,Solid Democratic,1,Solid Democratic,1,Safe Democratic,1,1
2018,WI05,Solid Republican,7,Solid Republican,7,Safe Republican,7,7
2018,WI06,Likely Republican,6,Solid Republican,7,Likely Republican,6,6.333333333
2018,WI07,Solid Republican,7,Solid Republican,7,Safe Republican,7,7
2018,WI08,Solid Republican,7,Solid Republican,7,Safe Republican,7,7
2018,WV01,Solid Republican,7,Solid Republican,7,Safe Republican,7,7
2018,WV02,Likely Republican,6,Solid Republican,7,Safe Republican,7,6.666666667
2018,WV03,Lean Republican,5,Lean Republican,5,Lean Republican,5,5
2018,WY00,Solid Republican,7,Solid Republican,7,Safe Republican,7,7
2020,AK00,Lean Republican,5,Likely Republican,6,Lean Republican,5,5.333333333
2020,AL01,Solid Republican,7,Solid Republican,7,Safe Republican,7,7
2020,AL02,Solid Republican,7,Solid Republican,7,Safe Republican,7,7
2020,AL03,Solid Republican,7,Solid Republican,7,Safe Republican,7,7
2020,AL04,Solid Republican,7,Solid Republican,7,Safe Republican,7,7
2020,AL05,Solid Republican,7,Solid Republican,7,Safe Republican,7,7
2020,AL06,Solid Republican,7,Solid Republican,7,Safe Republican,7,7
2020,AL07,Solid Democratic,1,Solid Democratic,1,Safe Democratic,1,1
2020,AR01,Solid Republican,7,Solid Republican,7,Safe Republican,7,7
2020,AR02,Tossup,3.5,Tossup,4,Lean Republican,5,4.166666667
2020,AR03,Solid Republican,7,Solid Republican,7,Safe Republican,7,7
2020,AR04,Solid Republican,7,Solid Republican,7,Safe Republican,7,7
2020,AZ01,Lean Democratic,3,Likely Democratic,2,Likely Democratic,2,2.333333333
2020,AZ02,Solid Democratic,1,Solid Democratic,1,Safe Democratic,1,1
2020,AZ03,Solid Democratic,1,Solid Democratic,1,Safe Democratic,1,1
2020,AZ04,Solid Republican,7,Solid Republican,7,Safe Republican,7,7
2020,AZ05,Solid Republican,7,Solid Republican,7,Safe Republican,7,7
2020,AZ06,Tossup,3.5,Tossup,4,Lean Democratic,3,3.5
2020,AZ07,Solid Democratic,1,Solid Democratic,1,Safe Democratic,1,1
2020,AZ08,Solid Republican,7,Solid Republican,7,Safe Republican,7,7
2020,AZ09,Solid Democratic,1,Solid Democratic,1,Safe Democratic,1,1
2020,CA01,Solid Republican,7,Solid Republican,7,Likely Republican,6,6.666666667
2020,CA02,Solid Democratic,1,Solid Democratic,1,Safe Democratic,1,1
2020,CA03,Solid Democratic,1,Solid Democratic,1,Safe Democratic,1,1
2020,CA04,Likely Republican,6,Solid Republican,7,Likely Republican,6,6.333333333
2020,CA05,Solid Democratic,1,Solid Democratic,1,Safe Democratic,1,1
2020,CA06,Solid Democratic,1,Solid Democratic,1,Safe Democratic,1,1
2020,CA07,Solid Democratic,1,Solid Democratic,1,Safe Democratic,1,1
2020,CA08,Solid Republican,7,Solid Republican,7,Safe Republican,7,7
2020,CA09,Solid Democratic,1,Solid Democratic,1,Safe Democratic,1,1
2020,CA10,Likely Democratic,2,Solid Democratic,1,Safe Democratic,1,1.333333333
2020,CA11,Solid Democratic,1,Solid Democratic,1,Safe Democratic,1,1
2020,CA12,Solid Democratic,1,Solid Democratic,1,Safe Democratic,1,1
2020,CA13,Solid Democratic,1,Solid Democratic,1,Safe Democratic,1,1
2020,CA14,Solid Democratic,1,Solid Democratic,1,Safe Democratic,1,1
2020,CA15,Solid Democratic,1,Solid Democratic,1,Safe Democratic,1,1
2020,CA16,Solid Democratic,1,Solid Democratic,1,Safe Democratic,1,1
2020,CA17,Solid Democratic,1,Solid Democratic,1,Safe Democratic,1,1
2020,CA18,Solid Democratic,1,Solid Democratic,1,Safe Democratic,1,1
2020,CA19,Solid Democratic,1,Solid Democratic,1,Safe Democratic,1,1
2020,CA20,Solid Democratic,1,Solid Democratic,1,Safe Democratic,1,1
2020,CA21,Tossup,3.5,Tossup,4,Lean Democratic,3,3.5
2020,CA22,Likely Republican,6,Solid Republican,7,Safe Republican,7,6.666666667
2020,CA23,Solid Republican,7,Solid Republican,7,Safe Republican,7,7
2020,CA24,Solid Democratic,1,Solid Democratic,1,Safe Democratic,1,1
2020,CA25,Tossup,3.5,Tossup,4,Lean Republican,5,4.166666667
2020,CA26,Solid Democratic,1,Solid Democratic,1,Safe Democratic,1,1
2020,CA27,Solid Democratic,1,Solid Democratic,1,Safe Democratic,1,1
2020,CA28,Solid Democratic,1,Solid Democratic,1,Safe Democratic,1,1
2020,CA29,Solid Democratic,1,Solid Democratic,1,Safe Democratic,1,1
2020,CA30,Solid Democratic,1,Solid Democratic,1,Safe Democratic,1,1
2020,CA31,Solid Democratic,1,Solid Democratic,1,Safe Democratic,1,1
2020,CA32,Solid Democratic,1,Solid Democratic,1,Safe Democratic,1,1
2020,CA33,Solid Democratic,1,Solid Democratic,1,Safe Democratic,1,1
2020,CA34,Solid Democratic,1,Solid Democratic,1,Safe Democratic,1,1
2020,CA35,Solid Democratic,1,Solid Democratic,1,Safe Democratic,1,1
2020,CA36,Solid Democratic,1,Solid Democratic,1,Safe Democratic,1,1
2020,CA37,Solid Democratic,1,Solid Democratic,1,Safe Democratic,1,1
2020,CA38,Solid Democratic,1,Solid Democratic,1,Safe Democratic,1,1
2020,CA39,Likely Democratic,2,Likely Democratic,2,Lean Democratic,3,2.333333333
2020,CA40,Solid Democratic,1,Solid Democratic,1,Safe Democratic,1,1
2020,CA41,Solid Democratic,1,Solid Democratic,1,Safe Democratic,1,1
2020,CA42,Solid Republican,7,Solid Republican,7,Safe Republican,7,7
2020,CA43,Solid Democratic,1,Solid Democratic,1,Safe Democratic,1,1
2020,CA44,Solid Democratic,1,Solid Democratic,1,Safe Democratic,1,1
2020,CA45,Solid Democratic,1,Solid Democratic,1,Safe Democratic,1,1
2020,CA46,Solid Democratic,1,Solid Democratic,1,Safe Democratic,1,1
2020,CA47,Solid Democratic,1,Solid Democratic,1,Safe Democratic,1,1
2020,CA48,Lean Democratic,3,Lean Democratic,3,Lean Democratic,3,3
2020,CA49,Solid Democratic,1,Solid Democratic,1,Safe Democratic,1,1
2020,CA50,Lean Republican,5,Likely Republican,6,Likely Republican,6,5.666666667
2020,CA51,Solid Democratic,1,Solid Democratic,1,Safe Democratic,1,1
2020,CA52,Solid Democratic,1,Solid Democratic,1,Safe Democratic,1,1
2020,CA53,Solid Democratic,1,Solid Democratic,1,Safe Democratic,1,1
2020,CO01,Solid Democratic,1,Solid Democratic,1,Safe Democratic,1,1
2020,CO02,Solid Democratic,1,Solid Democratic,1,Safe Democratic,1,1
2020,CO03,Lean Republican,5,Tilt Republican,5,Lean Republican,5,5
2020,CO04,Solid Republican,7,Solid Republican,7,Safe Republican,7,7
2020,CO05,Solid Republican,7,Solid Republican,7,Safe Republican,7,7
2020,CO06,Solid Democratic,1,Solid Democratic,1,Safe Democratic,1,1
2020,CO07,Solid Democratic,1,Solid Democratic,1,Safe Democratic,1,1
2020,CT01,Solid Democratic,1,Solid Democratic,1,Safe Democratic,1,1
2020,CT02,Solid Democratic,1,Solid Democratic,1,Safe Democratic,1,1
2020,CT03,Solid Democratic,1,Solid Democratic,1,Safe Democratic,1,1
2020,CT04,Solid Democratic,1,Solid Democratic,1,Safe Democratic,1,1
2020,CT05,Solid Democratic,1,Solid Democratic,1,Safe Democratic,1,1
2020,DE00,Solid Democratic,1,Solid Democratic,1,Safe Democratic,1,1
2020,FL01,Solid Republican,7,Solid Republican,7,Safe Republican,7,7
2020,FL02,Solid Republican,7,Solid Republican,7,Safe Republican,7,7
2020,FL03,Solid Republican,7,Solid Republican,7,Safe Republican,7,7
2020,FL04,Solid Republican,7,Solid Republican,7,Safe Republican,7,7
2020,FL05,Solid Democratic,1,Solid Democratic,1,Safe Democratic,1,1
2020,FL06,Solid Republican,7,Solid Republican,7,Safe Republican,7,7
2020,FL07,Solid Democratic,1,Solid Democratic,1,Safe Democratic,1,1
2020,FL08,Solid Republican,7,Solid Republican,7,Safe Republican,7,7
2020,FL09,Solid Democratic,1,Solid Democratic,1,Safe Democratic,1,1
2020,FL10,Solid Democratic,1,Solid Democratic,1,Safe Democratic,1,1
2020,FL11,Solid Republican,7,Solid Republican,7,Safe Republican,7,7
2020,FL12,Solid Republican,7,Solid Republican,7,Safe Republican,7,7
2020,FL13,Solid Democratic,1,Solid Democratic,1,Safe Democratic,1,1
2020,FL14,Solid Democratic,1,Solid Democratic,1,Safe Democratic,1,1
2020,FL15,Lean Republican,5,Lean Republican,5,Lean Republican,5,5
2020,FL16,Likely Republican,6,Likely Republican,6,Likely Republican,6,6
2020,FL17,Solid Republican,7,Solid Republican,7,Safe Republican,7,7
2020,FL18,Likely Republican,6,Likely Republican,6,Likely Republican,6,6
2020,FL19,Solid Republican,7,Solid Republican,7,Safe Republican,7,7
2020,FL20,Solid Democratic,1,Solid Democratic,1,Safe Democratic,1,1
2020,FL21,Solid Democratic,1,Solid Democratic,1,Safe Democratic,1,1
2020,FL22,Solid Democratic,1,Solid Democratic,1,Safe Democratic,1,1
2020,FL23,Solid Democratic,1,Solid Democratic,1,Safe Democratic,1,1
2020,FL24,Solid Democratic,1,Solid Democratic,1,Safe Democratic,1,1
2020,FL25,Solid Republican,7,Solid Republican,7,Safe Republican,7,7
2020,FL26,Lean Democratic,3,Tilt Democratic,3,Lean Democratic,3,3
2020,FL27,Likely Democratic,2,Solid Democratic,1,Likely Democratic,2,1.666666667
2020,GA01,Solid Republican,7,Solid Republican,7,Safe Republican,7,7
2020,GA02,Solid Democratic,1,Solid Democratic,1,Safe Democratic,1,1
2020,GA03,Solid Republican,7,Solid Republican,7,Safe Republican,7,7
2020,GA04,Solid Democratic,1,Solid Democratic,1,Safe Democratic,1,1
2020,GA05,Solid Democratic,1,Solid Democratic,1,Safe Democratic,1,1
2020,GA06,Likely Democratic,2,Likely Democratic,2,Likely Democratic,2,2
2020,GA07,Lean Democratic,3,Tilt Democratic,3,Lean Democratic,3,3
2020,GA08,Solid Republican,7,Solid Republican,7,Safe Republican,7,7
2020,GA09,Solid Republican,7,Solid Republican,7,Safe Republican,7,7
2020,GA10,Solid Republican,7,Solid Republican,7,Safe Republican,7,7
2020,GA11,Solid Republican,7,Solid Republican,7,Safe Republican,7,7
2020,GA12,Solid Republican,7,Solid Republican,7,Safe Republican,7,7
2020,GA13,Solid Democratic,1,Solid Democratic,1,Safe Democratic,1,1
2020,GA14,Solid Republican,7,Solid Republican,7,Safe Republican,7,7
2020,HI01,Solid Democratic,1,Solid Democratic,1,Safe Democratic,1,1
2020,HI02,Solid Democratic,1,Solid Democratic,1,Safe Democratic,1,1
2020,IA01,Tossup,3.5,Lean Democratic,3,Lean Democratic,3,3.166666667
2020,IA02,Tossup,3.5,Lean Democratic,3,Lean Democratic,3,3.166666667
2020,IA03,Lean Democratic,3,Lean Democratic,3,Lean Democratic,3,3
2020,IA04,Solid Republican,7,Solid Republican,7,Safe Republican,7,7
2020,ID01,Solid Republican,7,Solid Republican,7,Safe Republican,7,7
2020,ID02,Solid Republican,7,Solid Republican,7,Safe Republican,7,7
2020,IL01,Solid Democratic,1,Solid Democratic,1,Safe Democratic,1,1
2020,IL02,Solid Democratic,1,Solid Democratic,1,Safe Democratic,1,1
2020,IL03,Solid Democratic,1,Solid Democratic,1,Safe Democratic,1,1
2020,IL04,Solid Democratic,1,Solid Democratic,1,Safe Democratic,1,1
2020,IL05,Solid Democratic,1,Solid Democratic,1,Safe Democratic,1,1
2020,IL06,Solid Democratic,1,Solid Democratic,1,Safe Democratic,1,1
2020,IL07,Solid Democratic,1,Solid Democratic,1,Safe Democratic,1,1
2020,IL08,Solid Democratic,1,Solid Democratic,1,Safe Democratic,1,1
2020,IL09,Solid Democratic,1,Solid Democratic,1,Safe Democratic,1,1
2020,IL10,Solid Democratic,1,Solid Democratic,1,Safe Democratic,1,1
2020,IL11,Solid Democratic,1,Solid Democratic,1,Safe Democratic,1,1
2020,IL12,Solid Republican,7,Solid Republican,7,Safe Republican,7,7
2020,IL13,Tossup,3.5,Tossup,4,Lean Republican,5,4.166666667
2020,IL14,Likely Democratic,2,Solid Democratic,1,Likely Democratic,2,1.666666667
2020,IL15,Solid Republican,7,Solid Republican,7,Safe Republican,7,7
2020,IL16,Solid Republican,7,Solid Republican,7,Safe Republican,7,7
2020,IL17,Lean Democratic,3,Solid Democratic,1,Likely Democratic,2,2
2020,IL18,Solid Republican,7,Solid Republican,7,Safe Republican,7,7
2020,IN01,Solid Democratic,1,Solid Democratic,1,Safe Democratic,1,1
2020,IN02,Solid Republican,7,Solid Republican,7,Safe Republican,7,7
2020,IN03,Solid Republican,7,Solid Republican,7,Safe Republican,7,7
2020,IN04,Solid Republican,7,Solid Republican,7,Safe Republican,7,7
2020,IN05,Tossup,3.5,Tilt Democratic,3,Lean Democratic,3,3.166666667
2020,IN06,Solid Republican,7,Solid Republican,7,Safe Republican,7,7
2020,IN07,Solid Democratic,1,Solid Democratic,1,Safe Democratic,1,1
2020,IN08,Solid Republican,7,Solid Republican,7,Safe Republican,7,7
2020,IN09,Solid Republican,7,Solid Republican,7,Safe Republican,7,7
2020,KS01,Solid Republican,7,Solid Republican,7,Safe Republican,7,7
2020,KS02,Likely Republican,6,Solid Republican,7,Likely Republican,6,6.333333333
2020,KS03,Solid Democratic,1,Solid Democratic,1,Safe Democratic,1,1
2020,KS04,Solid Republican,7,Solid Republican,7,Safe Republican,7,7
2020,KY01,Solid Republican,7,Solid Republican,7,Safe Republican,7,7
2020,KY02,Solid Republican,7,Solid Republican,7,Safe Republican,7,7
2020,KY03,Solid Democratic,1,Solid Democratic,1,Safe Democratic,1,1
2020,KY04,Solid Republican,7,Solid Republican,7,Safe Republican,7,7
2020,KY05,Solid Republican,7,Solid Republican,7,Safe Republican,7,7
2020,KY06,Likely Republican,6,Solid Republican,7,Likely Republican,6,6.333333333
2020,LA01,Solid Republican,7,Solid Republican,7,Safe Republican,7,7
2020,LA02,Solid Democratic,1,Solid Democratic,1,Safe Democratic,1,1
2020,LA03,Solid Republican,7,Solid Republican,7,Safe Republican,7,7
2020,LA04,Solid Republican,7,Solid Republican,7,Safe Republican,7,7
2020,LA05,Solid Republican,7,Solid Republican,7,Safe Republican,7,7
2020,LA06,Solid Republican,7,Solid Republican,7,Safe Republican,7,7
2020,MA01,Solid Democratic,1,Solid Democratic,1,Safe Democratic,1,1
2020,MA02,Solid Democratic,1,Solid Democratic,1,Safe Democratic,1,1
2020,MA03,Solid Democratic,1,Solid Democratic,1,Safe Democratic,1,1
2020,MA04,Solid Democratic,1,Solid Democratic,1,Safe Democratic,1,1
2020,MA05,Solid Democratic,1,Solid Democratic,1,Safe Democratic,1,1
2020,MA06,Solid Democratic,1,Solid Democratic,1,Safe Democratic,1,1
2020,MA07,Solid Democratic,1,Solid Democratic,1,Safe Democratic,1,1
2020,MA08,Solid Democratic,1,Solid Democratic,1,Safe Democratic,1,1
2020,MA09,Solid Democratic,1,Solid Democratic,1,Safe Democratic,1,1
2020,MD01,Solid Republican,7,Solid Republican,7,Safe Republican,7,7
2020,MD02,Solid Democratic,1,Solid Democratic,1,Safe Democratic,1,1
2020,MD03,Solid Democratic,1,Solid Democratic,1,Safe Democratic,1,1
2020,MD04,Solid Democratic,1,Solid Democratic,1,Safe Democratic,1,1
2020,MD05,Solid Democratic,1,Solid Democratic,1,Safe Democratic,1,1
2020,MD06,Solid Democratic,1,Solid Democratic,1,Safe Democratic,1,1
2020,MD07,Solid Democratic,1,Solid Democratic,1,Safe Democratic,1,1
2020,MD08,Solid Democratic,1,Solid Democratic,1,Safe Democratic,1,1
2020,ME01,Solid Democratic,1,Solid Democratic,1,Safe Democratic,1,1
2020,ME02,Likely Democratic,2,Solid Democratic,1,Likely Democratic,2,1.666666667
2020,MI01,Solid Republican,7,Solid Republican,7,Safe Republican,7,7
2020,MI02,Solid Republican,7,Solid Republican,7,Safe Republican,7,7
2020,MI03,Tossup,3.5,Tossup,4,Lean Republican,5,4.166666667
2020,MI04,Solid Republican,7,Solid Republican,7,Safe Republican,7,7
2020,MI05,Solid Democratic,1,Solid Democratic,1,Safe Democratic,1,1
2020,MI06,Lean Republican,5,Likely Republican,6,Lean Republican,5,5.333333333
2020,MI07,Solid Republican,7,Solid Republican,7,Safe Republican,7,7
2020,MI08,Lean Democratic,3,Solid Democratic,1,Likely Democratic,2,2
2020,MI09,Solid Democratic,1,Solid Democratic,1,Safe Democratic,1,1
2020,MI10,Solid Republican,7,Solid Republican,7,Safe Republican,7,7
2020,MI11,Lean Democratic,3,Solid Democratic,1,Likely Democratic,2,2
2020,MI12,Solid Democratic,1,Solid Democratic,1,Safe Democratic,1,1
2020,MI13,Solid Democratic,1,Solid Democratic,1,Safe Democratic,1,1
2020,MI14,Solid Democratic,1,Solid Democratic,1,Safe Democratic,1,1
2020,MN01,Tossup,3.5,Tilt Democratic,3,Lean Democratic,3,3.166666667
2020,MN02,Likely Democratic,2,Solid Democratic,1,Likely Democratic,2,1.666666667
2020,MN03,Solid Democratic,1,Solid Democratic,1,Safe Democratic,1,1
2020,MN04,Solid Democratic,1,Solid Democratic,1,Safe Democratic,1,1
2020,MN05,Solid Democratic,1,Solid Democratic,1,Safe Democratic,1,1
2020,MN06,Solid Republican,7,Solid Republican,7,Safe Republican,7,7
2020,MN07,Tossup,3.5,Tossup,4,Lean Republican,5,4.166666667
2020,MN08,Solid Republican,7,Solid Republican,7,Safe Republican,7,7
2020,MO01,Solid Democratic,1,Solid Democratic,1,Safe Democratic,1,1
2020,MO02,Tossup,3.5,Tilt Democratic,3,Lean Republican,5,3.833333333
2020,MO03,Solid Republican,7,Solid Republican,7,Safe Republican,7,7
2020,MO04,Solid Republican,7,Solid Republican,7,Safe Republican,7,7
2020,MO05,Solid Democratic,1,Solid Democratic,1,Safe Democratic,1,1
2020,MO06,Solid Republican,7,Solid Republican,7,Safe Republican,7,7
2020,MO07,Solid Republican,7,Solid Republican,7,Safe Republican,7,7
2020,MO08,Solid Republican,7,Solid Republican,7,Safe Republican,7,7
2020,MS01,Solid Republican,7,Solid Republican,7,Safe Republican,7,7
2020,MS02,Solid Democratic,1,Solid Democratic,1,Safe Democratic,1,1
2020,MS03,Solid Republican,7,Solid Republican,7,Safe Republican,7,7
2020,MS04,Solid Republican,7,Solid Republican,7,Safe Republican,7,7
2020,MT00,Lean Republican,5,Lean Republican,5,Lean Republican,5,5
2020,NC01,Solid Democratic,1,Solid Democratic,1,Safe Democratic,1,1
2020,NC02,Likely Democratic,2,Likely Democratic,2,Safe Democratic,1,1.666666667
2020,NC03,Solid Republican,7,Solid Republican,7,Safe Republican,7,7
2020,NC04,Solid Democratic,1,Solid Democratic,1,Safe Democratic,1,1
2020,NC05,Solid Republican,7,Solid Republican,7,Safe Republican,7,7
2020,NC06,Likely Democratic,2,Likely Democratic,2,Safe Democratic,1,1.666666667
2020,NC07,Solid Republican,7,Solid Republican,7,Safe Republican,7,7
2020,NC08,Lean Republican,5,Tilt Republican,5,Lean Republican,5,5
2020,NC09,Lean Republican,5,Solid Republican,7,Likely Republican,6,6
2020,NC10,Solid Republican,7,Solid Republican,7,Safe Republican,7,7
2020,NC11,Lean Republican,5,Lean Republican,5,Lean Republican,5,5
2020,NC12,Solid Democratic,1,Solid Democratic,1,Safe Democratic,1,1
2020,NC13,Solid Republican,7,Solid Republican,7,Safe Republican,7,7
2020,ND00,Solid Republican,7,Solid Republican,7,Safe Republican,7,7
2020,NE01,Solid Republican,7,Solid Republican,7,Safe Republican,7,7
2020,NE02,Tossup,3.5,Tilt Democratic,3,Lean Republican,5,3.833333333
2020,NE03,Solid Republican,7,Solid Republican,7,Safe Republican,7,7
2020,NH01,Likely Democratic,2,Likely Democratic,2,Likely Democratic,2,2
2020,NH02,Solid Democratic,1,Solid Democratic,1,Likely Democratic,2,1.333333333
2020,NJ01,Solid Democratic,1,Solid Democratic,1,Safe Democratic,1,1
2020,NJ02,Tossup,3.5,Tilt Democratic,3,Lean Democratic,3,3.166666667
2020,NJ03,Likely Democratic,2,Solid Democratic,1,Likely Democratic,2,1.666666667
2020,NJ04,Solid Republican,7,Solid Republican,7,Safe Republican,7,7
2020,NJ05,Solid Democratic,1,Solid Democratic,1,Safe Democratic,1,1
2020,NJ06,Solid Democratic,1,Solid Democratic,1,Safe Democratic,1,1
2020,NJ07,Lean Democratic,3,Likely Democratic,2,Lean Democratic,3,2.666666667
2020,NJ08,Solid Democratic,1,Solid Democratic,1,Safe Democratic,1,1
2020,NJ09,Solid Democratic,1,Solid Democratic,1,Safe Democratic,1,1
2020,NJ10,Solid Democratic,1,Solid Democratic,1,Safe Democratic,1,1
2020,NJ11,Solid Democratic,1,Solid Democratic,1,Safe Democratic,1,1
2020,NJ12,Solid Democratic,1,Solid Democratic,1,Safe Democratic,1,1
2020,NM01,Solid Democratic,1,Solid Democratic,1,Safe Democratic,1,1
2020,NM02,Tossup,3.5,Tossup,4,Lean Democratic,3,3.5
2020,NM03,Solid Democratic,1,Solid Democratic,1,Safe Democratic,1,1
2020,NV01,Solid Democratic,1,Solid Democratic,1,Safe Democratic,1,1
2020,NV02,Solid Republican,7,Solid Republican,7,Safe Republican,7,7
2020,NV03,Lean Democratic,3,Likely Democratic,2,Lean Democratic,3,2.666666667
2020,NV04,Likely Democratic,2,Solid Democratic,1,Likely Democratic,2,1.666666667
2020,NY01,Lean Republican,5,Lean Republican,5,Lean Republican,5,5
2020,NY02,Tossup,3.5,Tossup,4,Lean Republican,5,4.166666667
2020,NY03,Solid Democratic,1,Solid Democratic,1,Safe Democratic,1,1
2020,NY04,Solid Democratic,1,Solid Democratic,1,Safe Democratic,1,1
2020,NY05,Solid Democratic,1,Solid Democratic,1,Safe Democratic,1,1
2020,NY06,Solid Democratic,1,Solid Democratic,1,Safe Democratic,1,1
2020,NY07,Solid Democratic,1,Solid Democratic,1,Safe Democratic,1,1
2020,NY08,Solid Democratic,1,Solid Democratic,1,Safe Democratic,1,1
2020,NY09,Solid Democratic,1,Solid Democratic,1,Safe Democratic,1,1
2020,NY10,Solid Democratic,1,Solid Democratic,1,Safe Democratic,1,1
2020,NY11,Tossup,3.5,Tossup,4,Lean Democratic,3,3.5
2020,NY12,Solid Democratic,1,Solid Democratic,1,Safe Democratic,1,1
2020,NY13,Solid Democratic,1,Solid Democratic,1,Safe Democratic,1,1
2020,NY14,Solid Democratic,1,Solid Democratic,1,Safe Democratic,1,1
2020,NY15,Solid Democratic,1,Solid Democratic,1,Safe Democratic,1,1
2020,NY16,Solid Democratic,1,Solid Democratic,1,Safe Democratic,1,1
2020,NY17,Solid Democratic,1,Solid Democratic,1,Safe Democratic,1,1
2020,NY18,Solid Democratic,1,Solid Democratic,1,Likely Democratic,2,1.333333333
2020,NY19,Likely Democratic,2,Solid Democratic,1,Likely Democratic,2,1.666666667
2020,NY20,Solid Democratic,1,Solid Democratic,1,Safe Democratic,1,1
2020,NY21,Solid Republican,7,Solid Republican,7,Safe Republican,7,7
2020,NY22,Tossup,3.5,Tilt Democratic,3,Lean Democratic,3,3.166666667
2020,NY23,Solid Republican,7,Solid Republican,7,Safe Republican,7,7
2020,NY24,Tossup,3.5,Tilt Republican,5,Lean Republican,5,4.5
2020,NY25,Solid Democratic,1,Solid Democratic,1,Safe Democratic,1,1
2020,NY26,Solid Democratic,1,Solid Democratic,1,Safe Democratic,1,1
2020,NY27,Solid Republican,7,Solid Republican,7,Likely Republican,6,6.666666667
2020,OH01,Tossup,3.5,Tilt Democratic,3,Lean Democratic,3,3.166666667
2020,OH02,Solid Republican,7,Solid Republican,7,Safe Republican,7,7
2020,OH03,Solid Democratic,1,Solid Democratic,1,Safe Democratic,1,1
2020,OH04,Solid Republican,7,Solid Republican,7,Safe Republican,7,7
2020,OH05,Solid Republican,7,Solid Republican,7,Safe Republican,7,7
2020,OH06,Solid Republican,7,Solid Republican,7,Safe Republican,7,7
2020,OH07,Solid Republican,7,Solid Republican,7,Safe Republican,7,7
2020,OH08,Solid Republican,7,Solid Republican,7,Safe Republican,7,7
2020,OH09,Solid Democratic,1,Solid Democratic,1,Safe Democratic,1,1
2020,OH10,Likely Republican,6,Likely Republican,6,Likely Republican,6,6
2020,OH11,Solid Democratic,1,Solid Democratic,1,Safe Democratic,1,1
2020,OH12,Likely Republican,6,Solid Republican,7,Likely Republican,6,6.333333333
2020,OH13,Solid Democratic,1,Solid Democratic,1,Safe Democratic,1,1
2020,OH14,Solid Republican,7,Solid Republican,7,Safe Republican,7,7
2020,OH15,Solid Republican,7,Solid Republican,7,Safe Republican,7,7
2020,OH16,Solid Republican,7,Solid Republican,7,Safe Republican,7,7
2020,OK01,Solid Republican,7,Solid Republican,7,Safe Republican,7,7
2020,OK02,Solid Republican,7,Solid Republican,7,Safe Republican,7,7
2020,OK03,Solid Republican,7,Solid Republican,7,Safe Republican,7,7
2020,OK04,Solid Republican,7,Solid Republican,7,Safe Republican,7,7
2020,OK05,Tossup,3.5,Tossup,4,Lean Democratic,3,3.5
2020,OR01,Solid Democratic,1,Solid Democratic,1,Safe Democratic,1,1
2020,OR02,Solid Republican,7,Solid Republican,7,Safe Republican,7,7
2020,OR03,Solid Democratic,1,Solid Democratic,1,Safe Democratic,1,1
2020,OR04,Lean Democratic,3,Likely Democratic,2,Lean Democratic,3,2.666666667
2020,OR05,Solid Democratic,1,Solid Democratic,1,Safe Democratic,1,1
2020,PA01,Lean Republican,5,Lean Republican,5,Lean Republican,5,5
2020,PA02,Solid Democratic,1,Solid Democratic,1,Safe Democratic,1,1
2020,PA03,Solid Democratic,1,Solid Democratic,1,Safe Democratic,1,1
2020,PA04,Solid Democratic,1,Solid Democratic,1,Safe Democratic,1,1
2020,PA05,Solid Democratic,1,Solid Democratic,1,Safe Democratic,1,1
2020,PA06,Solid Democratic,1,Solid Democratic,1,Safe Democratic,1,1
2020,PA07,Likely Democratic,2,Solid Democratic,1,Likely Democratic,2,1.666666667
2020,PA08,Lean Democratic,3,Solid Democratic,1,Likely Democratic,2,2
2020,PA09,Solid Republican,7,Solid Republican,7,Safe Republican,7,7
2020,PA10,Tossup,3.5,Tossup,4,Lean Democratic,3,3.5
2020,PA11,Solid Republican,7,Solid Republican,7,Safe Republican,7,7
2020,PA12,Solid Republican,7,Solid Republican,7,Safe Republican,7,7
2020,PA13,Solid Republican,7,Solid Republican,7,Safe Republican,7,7
2020,PA14,Solid Republican,7,Solid Republican,7,Safe Republican,7,7
2020,PA15,Solid Republican,7,Solid Republican,7,Safe Republican,7,7
2020,PA16,Likely Republican,6,Solid Republican,7,Safe Republican,7,6.666666667
2020,PA17,Likely Democratic,2,Solid Democratic,1,Likely Democratic,2,1.666666667
2020,PA18,Solid Democratic,1,Solid Democratic,1,Safe Democratic,1,1
2020,RI01,Solid Democratic,1,Solid Democratic,1,Safe Democratic,1,1
2020,RI02,Solid Democratic,1,Solid Democratic,1,Safe Democratic,1,1
2020,SC01,Lean Democratic,3,Lean Democratic,3,Lean Democratic,3,3
2020,SC02,Solid Republican,7,Solid Republican,7,Likely Republican,6,6.666666667
2020,SC03,Solid Republican,7,Solid Republican,7,Safe Republican,7,7
2020,SC04,Solid Republican,7,Solid Republican,7,Safe Republican,7,7
2020,SC05,Solid Republican,7,Solid Republican,7,Safe Republican,7,7
2020,SC06,Solid Democratic,1,Solid Democratic,1,Safe Democratic,1,1
2020,SC07,Solid Republican,7,Solid Republican,7,Safe Republican,7,7
2020,SD00,Solid Republican,7,Solid Republican,7,Safe Republican,7,7
2020,TN01,Solid Republican,7,Solid Republican,7,Safe Republican,7,7
2020,TN02,Solid Republican,7,Solid Republican,7,Safe Republican,7,7
2020,TN03,Solid Republican,7,Solid Republican,7,Safe Republican,7,7
2020,TN04,Solid Republican,7,Solid Republican,7,Safe Republican,7,7
2020,TN05,Solid Democratic,1,Solid Democratic,1,Safe Democratic,1,1
2020,TN06,Solid Republican,7,Solid Republican,7,Safe Republican,7,7
2020,TN07,Solid Republican,7,Solid Republican,7,Safe Republican,7,7
2020,TN08,Solid Republican,7,Solid Republican,7,Safe Republican,7,7
2020,TN09,Solid Democratic,1,Solid Democratic,1,Safe Democratic,1,1
2020,TX01,Solid Republican,7,Solid Republican,7,Safe Republican,7,7
2020,TX02,Likely Republican,6,Solid Republican,7,Likely Republican,6,6.333333333
2020,TX03,Lean Republican,5,Lean Republican,5,Likely Republican,6,5.333333333
2020,TX04,Solid Republican,7,Solid Republican,7,Safe Republican,7,7
2020,TX05,Solid Republican,7,Solid Republican,7,Safe Republican,7,7
2020,TX06,Likely Republican,6,Likely Republican,6,Likely Republican,6,6
2020,TX07,Likely Democratic,2,Likely Democratic,2,Likely Democratic,2,2
2020,TX08,Solid Republican,7,Solid Republican,7,Safe Republican,7,7
2020,TX09,Solid Democratic,1,Solid Democratic,1,Safe Democratic,1,1
2020,TX10,Tossup,3.5,Lean Republican,5,Lean Republican,5,4.5
2020,TX11,Solid Republican,7,Solid Republican,7,Safe Republican,7,7
2020,TX12,Solid Republican,7,Solid Republican,7,Safe Republican,7,7
2020,TX13,Solid Republican,7,Solid Republican,7,Safe Republican,7,7
2020,TX14,Solid Republican,7,Solid Republican,7,Safe Republican,7,7
2020,TX15,Solid Democratic,1,Solid Democratic,1,Safe Democratic,1,1
2020,TX16,Solid Democratic,1,Solid Democratic,1,Safe Democratic,1,1
2020,TX17,Solid Republican,7,Solid Republican,7,Safe Republican,7,7
2020,TX18,Solid Democratic,1,Solid Democratic,1,Safe Democratic,1,1
2020,TX19,Solid Republican,7,Solid Republican,7,Safe Republican,7,7
2020,TX20,Solid Democratic,1,Solid Democratic,1,Safe Democratic,1,1
2020,TX21,Tossup,3.5,Tossup,4,Lean Republican,5,4.166666667
2020,TX22,Tossup,3.5,Tossup,4,Lean Republican,5,4.166666667
2020,TX23,Lean Democratic,3,Tilt Democratic,3,Lean Democratic,3,3
2020,TX24,Lean Democratic,3,Tilt Democratic,3,Lean Democratic,3,3
2020,TX25,Likely Republican,6,Likely Republican,6,Likely Republican,6,6
2020,TX26,Solid Republican,7,Solid Republican,7,Safe Republican,7,7
2020,TX27,Solid Republican,7,Solid Republican,7,Safe Republican,7,7
2020,TX28,Solid Democratic,1,Solid Democratic,1,Safe Democratic,1,1
2020,TX29,Solid Democratic,1,Solid Democratic,1,Safe Democratic,1,1
2020,TX30,Solid Democratic,1,Solid Democratic,1,Safe Democratic,1,1
2020,TX31,Lean Republican,5,Solid Republican,7,Likely Republican,6,6
2020,TX32,Likely Democratic,2,Solid Democratic,1,Likely Democratic,2,1.666666667
2020,TX33,Solid Democratic,1,Solid Democratic,1,Safe Democratic,1,1
2020,TX34,Solid Democratic,1,Solid Democratic,1,Safe Democratic,1,1
2020,TX35,Solid Democratic,1,Solid Democratic,1,Safe Democratic,1,1
2020,TX36,Solid Republican,7,Solid Republican,7,Safe Republican,7,7
2020,UT01,Solid Republican,7,Solid Republican,7,Safe Republican,7,7
2020,UT02,Solid Republican,7,Solid Republican,7,Safe Republican,7,7
2020,UT03,Solid Republican,7,Solid Republican,7,Safe Republican,7,7
2020,UT04,Tossup,3.5,Tilt Democratic,3,Lean Democratic,3,3.166666667
2020,VA01,Solid Republican,7,Solid Republican,7,Safe Republican,7,7
2020,VA02,Lean Democratic,3,Likely Democratic,2,Lean Democratic,3,2.666666667
2020,VA03,Solid Democratic,1,Solid Democratic,1,Safe Democratic,1,1
2020,VA04,Solid Democratic,1,Solid Democratic,1,Safe Democratic,1,1
2020,VA05,Tossup,3.5,Tossup,4,Lean Republican,5,4.166666667
2020,VA06,Solid Republican,7,Solid Republican,7,Safe Republican,7,7
2020,VA07,Lean Democratic,3,Tilt Democratic,3,Lean Democratic,3,3
2020,VA08,Solid Democratic,1,Solid Democratic,1,Safe Democratic,1,1
2020,VA09,Solid Republican,7,Solid Republican,7,Safe Republican,7,7
2020,VA10,Solid Democratic,1,Solid Democratic,1,Safe Democratic,1,1
2020,VA11,Solid Democratic,1,Solid Democratic,1,Safe Democratic,1,1
2020,VT00,Solid Democratic,1,Solid Democratic,1,Safe Democratic,1,1
2020,WA01,Solid Democratic,1,Solid Democratic,1,Safe Democratic,1,1
2020,WA02,Solid Democratic,1,Solid Democratic,1,Safe Democratic,1,1
2020,WA03,Lean Republican,5,Lean Republican,5,Lean Republican,5,5
2020,WA04,Solid Republican,7,Solid Republican,7,Safe Republican,7,7
2020,WA05,Solid Republican,7,Solid Republican,7,Safe Republican,7,7
2020,WA06,Solid Democratic,1,Solid Democratic,1,Safe Democratic,1,1
2020,WA07,Solid Democratic,1,Solid Democratic,1,Safe Democratic,1,1
2020,WA08,Likely Democratic,2,Solid Democratic,1,Lean Democratic,3,2
2020,WA09,Solid Democratic,1,Solid Democratic,1,Safe Democratic,1,1
2020,WA10,Solid Democratic,1,Solid Democratic,1,Safe Democratic,1,1
2020,WI01,Solid Republican,7,Solid Republican,7,Safe Republican,7,7
2020,WI02,Solid Democratic,1,Solid Democratic,1,Safe Democratic,1,1
2020,WI03,Lean Democratic,3,Solid Democratic,1,Likely Democratic,2,2
2020,WI04,Solid Democratic,1,Solid Democratic,1,Safe Democratic,1,1
2020,WI05,Solid Republican,7,Solid Republican,7,Safe Republican,7,7
2020,WI06,Solid Republican,7,Solid Republican,7,Safe Republican,7,7
2020,WI07,Solid Republican,7,Solid Republican,7,Safe Republican,7,7
2020,WI08,Solid Republican,7,Solid Republican,7,Safe Republican,7,7
2020,WV01,Solid Republican,7,Solid Republican,7,Safe Republican,7,7
2020,WV02,Solid Republican,7,Solid Republican,7,Safe Republican,7,7
2020,WV03,Solid Republican,7,Solid Republican,7,Safe Republican,7,7
2020,WY00,Solid Republican,7,Solid Republican,7,Safe Republican,7,7